0,101.30675664,97.083863831,105.52964944,2.1274187309,-0.647794687,-4.710805938,3.415216564,2.046873231,0.2924024139,-1.552796042,2.1376008702,0.9295783577,-0.001941305,-0.020106997,0.0162243874,0.0091515546,2267.6230647,1.366956E-68,0.1001596668,0.7523252483,0.0989440992,0.7537830698,0.044998472,0.8324565772,3,29.685572277,9.8951907589,0.0970788478,0.9614694606,96,9785.2244277,101.92942112,99,9814.91,0.003025
1,99.741056216,96.027280696,103.45483174,1.8709344444,-0.259349121,-4.274757316,3.7560590739,2.0228916528,0.3975828457,-1.379867897,2.1750335886,0.8954482575,-0.000873885,-0.020666939,0.0189191676,0.0099713902,2842.0439178,3.971543E-73,0.0164370666,0.8982532587,0.1971397877,0.6580387151,0.0076806436,0.9303459322,3,22.743703329,7.581234443,0.0752849086,0.9731580613,96,9667.2562967,100.70058642,99,9690,0.002347
2,97.944793459,94.283930154,101.60565676,1.8442782063,0.5393962282,-3.251057254,4.3298497105,1.909563446,1.0895856106,-0.517116656,2.6962878773,0.8094281942,0.0054857397,-0.014913136,0.0258846156,0.010276593,2820.3943825,5.664871E-73,0.0797898457,0.7781905251,1.8120328342,0.1814346964,0.2849522393,0.5947074532,3,193.22624143,64.408747144,0.7091258533,0.5488759979,96,8719.5237586,90.828372485,99,8912.75,0.021680
3,100.48805829,96.993506486,103.98261009,1.7604934117,-1.087196708,-4.866642444,2.6922490283,1.9040179381,0.1477672889,-1.645940463,1.941475041,0.9036382513,0.0012809621,-0.017895927,0.020457851,0.0096609776,3258.0676728,6.877343E-76,0.3260424785,0.5693330508,0.0267403691,0.8704489928,0.0175804664,0.8947940935,3,27.643065751,9.2143552502,0.1100643582,0.954031315,96,8036.9169342,83.717884732,99,8064.56,0.003428
4,100.44897069,96.321903853,104.57603753,2.0791433037,-1.156820412,-5.632816795,3.3191759704,2.2549278383,-0.198829633,-2.272466671,1.8748074047,1.0446616761,0.0057069807,-0.014220327,0.0256342887,0.0100390254,2334.114379,3.607286E-69,0.2631883067,0.6091166997,0.0362252088,0.8494530611,0.3231690004,0.5710368127,3,80.474932604,26.824977535,0.217549151,0.8840106371,96,11837.315067,123.30536529,99,11917.79,0.006753
5,101.95588825,97.970144059,105.94163244,2.007947451,-0.067306739,-4.242909803,4.1082963237,2.1035949951,-1.87654831,-3.732923023,-0.020173597,0.935208758,-0.029008115,-0.052164253,-0.005851978,0.0116656525,2578.2198001,3.639197E-71,0.0010237475,0.974541626,4.0262651163,0.0476098605,6.183309084,0.0146226827,3,1383.5527477,461.18424925,4.1771424021,0.0079560939,96,10599.037252,110.40663804,99,11982.59,0.115464
6,97.895907551,94.051653432,101.74016167,1.9366672556,-0.943002471,-4.788390115,2.9023851734,1.9372383054,2.3429091414,0.5611473567,4.1246709262,0.8976200842,-0.00416502,-0.023301685,0.0149716447,0.0096407135,2555.165614,5.515261E-71,0.2369515562,0.6275261155,6.8128020607,0.0105006449,0.1866447998,0.6666927319,3,662.35044292,220.78348097,2.3585880017,0.0764173517,96,8986.3995571,93.60832872,99,9648.75,0.068646
7,99.394555247,95.949480042,102.83963045,1.7355679766,-1.874221678,-5.504726928,1.7562835716,1.8289843546,1.5110282116,-0.091884789,3.1139412126,0.8075192291,-0.007340863,-0.025322085,0.0106403591,0.0090586217,3279.7590038,5.046601E-76,1.050078902,0.3080641482,3.5013812376,0.0643630887,0.6567044771,0.4197301408,3,370.70781032,123.56927011,1.5031744166,0.2186585222,96,7891.7321897,82.205543642,99,8262.44,0.044867
8,101.50875475,97.810698194,105.2068113,1.863015506,-1.028777292,-5.156799678,3.0992450935,2.0796246911,-0.469589954,-2.246963409,1.3077835009,0.8954093213,-0.000250187,-0.019479523,0.0189791481,0.0096873992,2968.7529674,5.229708E-74,0.2447218849,0.6219465776,0.2750390587,0.6011802647,0.0006669856,0.9794496818,3,59.908853178,19.969617726,0.1933549185,0.9006958093,96,9914.8411468,103.27959528,99,9974.75,0.006006
9,101.46138705,97.536137928,105.38663617,1.9774711045,-1.896460215,-6.34855516,2.5556347299,2.2428867165,0.3565950763,-1.542506498,2.2556966507,0.9567337955,-0.006169105,-0.026899923,0.0145617115,0.0104438191,2632.5783049,1.384715E-71,0.714945266,0.3999095299,0.138921177,0.710177511,0.3489198794,0.556113297,3,132.02602308,44.008674361,0.3592763596,0.7825381002,96,11759.283977,122.49254143,99,11891.31,0.011103
10,98.839186354,95.212604749,102.46576796,1.8270076917,-0.027799452,-3.780146201,3.7245472958,1.8903659472,0.2936946661,-1.4349313,2.0223206321,0.8708511981,0.0126428478,-0.009018493,0.0343041881,0.0109126003,2926.6957154,1.015367E-73,0.0002162622,0.9882973653,0.1137376396,0.7366646035,1.3422497277,0.2495115514,3,143.49227608,47.830758693,0.5511052808,0.6486166144,96,8331.8977239,86.790601291,99,8475.39,0.016930
11,98.854784867,94.893068008,102.81650173,1.9958429074,-0.729085622,-4.791553027,3.3333817825,2.0465992509,0.4113526666,-1.416373756,2.239079089,0.9207762559,-0.020368491,-0.040815125,0.0000781442,0.0103006531,2453.2549318,3.622579E-70,0.1269087149,0.722440693,0.199581559,0.6560650138,3.9101027625,0.0508645243,3,418.73824934,139.57941645,1.3678652415,0.257275294,96,9796.0117507,102.04178907,99,10214.75,0.040993
12,102.50726084,98.701190157,106.31333152,1.917431114,-1.48116389,-5.592594427,2.6302666471,2.0712660111,-0.008952773,-1.917164336,1.8992587905,0.9613232469,0.0043445436,-0.016687429,0.0253765158,0.0105955357,2858.049304,3.059613E-73,0.5113690909,0.4762822988,0.0000867314,0.9925887598,0.1681289444,0.682693655,3,64.783406659,21.594468886,0.2113106767,0.8883467645,96,9810.5265933,102.19298535,99,9875.31,0.006560
13,98.45293305,94.845638899,102.0602272,1.817291013,0.6529106928,-3.145729773,4.4515511588,1.9136879037,-0.862494949,-2.607397519,0.8824076198,0.8790510631,0.0025475862,-0.015822359,0.0209175315,0.0092544537,2935.0017196,8.900204E-74,0.1164033124,0.7337142132,0.9626865724,0.3289771774,0.0757802785,0.7836910824,3,95.335526583,31.778508861,0.3498690068,0.7893205039,96,8719.6544734,90.829734098,99,8814.99,0.010815
14,97.911726567,93.261730275,102.56172286,2.3425859165,-0.504249208,-4.803405372,3.7949069561,2.1658388629,0.3072083429,-1.647068536,2.261485222,0.9845301385,0.0146642542,-0.007758322,0.0370868304,0.0112960974,1746.9414997,2.115981E-63,0.0542048523,0.8163973455,0.0973661462,0.7556902658,1.6852452202,0.1973391152,3,222.87621583,74.292071944,0.6457206705,0.587525319,96,11045.083784,115.05295609,99,11267.96,0.019780
15,99.352735864,95.113355189,103.59211654,2.1357250281,2.9925933582,-1.371802487,7.3569892029,2.1987054605,0.6611888094,-1.346414742,2.6687923612,1.0113951733,0.0091051975,-0.013728875,0.0319392698,0.0115034019,2164.0584531,1.175378E-67,1.8525131754,0.1766778284,0.4273751199,0.5148426379,0.6265073221,0.4305907026,3,371.58198712,123.86066237,1.06205559,0.3689767353,96,11195.858013,116.62352097,99,11567.44,0.032123
16,95.284666279,91.095000142,99.474332417,2.1106797232,1.9968609774,-2.390145125,6.3838670794,2.2100961083,1.7280877818,-0.196506772,3.652682336,0.969576708,0.0006133721,-0.02325903,0.0244857738,0.0120264939,2037.9867612,1.850447E-66,0.8163442545,0.3685128303,3.176634522,0.0778598809,0.0026011778,0.9594301019,3,433.23794131,144.4126471,1.2250307371,0.3048913542,96,11316.952059,117.88491728,99,11750.19,0.036871
17,100.78365704,96.672774542,104.89453954,2.07098992,-0.521588533,-4.464184461,3.4210073947,1.9862101201,0.3171143625,-1.498589856,2.1328185808,0.914719682,0.0051783814,-0.014401976,0.0247587383,0.0098642377,2368.2320601,1.846821E-69,0.0689613396,0.7934178387,0.1201865245,0.7295910284,0.2755884458,0.600817668,3,44.250731923,14.750243974,0.1495729458,0.9297318362,96,9467.1092681,98.615721542,99,9511.36,0.004652
18,101.75345532,98.07926796,105.42764268,1.8509906297,-1.804622571,-5.685848616,2.0766034734,1.955293058,-0.16779488,-1.894233514,1.5586437527,0.8697492585,0.0145144911,-0.004267775,0.0332967576,0.0094621738,3021.9682086,2.288243E-74,0.8518223938,0.3583511815,0.0372193923,0.8474266141,2.3529992345,0.1283313699,3,326.80794719,108.9359824,1.1855375382,0.3194198359,96,8821.1920528,91.887417217,99,9148,0.035725
19,98.413570385,94.647954867,102.1791859,1.8970505187,3.6674344307,-0.302175222,7.6370440833,1.9998191571,0.8373694661,-1.022662959,2.6974018914,0.937051449,-0.002019257,-0.023320108,0.0192815939,0.0107309922,2691.2384772,4.986405E-72,3.3631269961,0.0697694431,0.7985596612,0.3737591509,0.0354081751,0.8511401055,3,423.87610069,141.29203356,1.4205016864,0.2415471117,96,9548.7638993,99.466290618,99,9972.64,0.042504
20,99.369632974,95.195164332,103.54410162,2.1030234938,0.8347992141,-3.156200316,4.8257987438,2.0105949989,-0.621520649,-2.384638043,1.1415967462,0.8882273702,0.0173928496,-0.002581305,0.0373670043,0.010062626,2232.6421661,2.797125E-68,0.1723911104,0.6789219375,0.4896241383,0.4857871458,2.9875750221,0.087120763,3,397.85824453,132.61941484,1.3705290861,0.2564568058,96,9289.4517555,96.765122453,99,9687.31,0.041070
21,98.389912808,94.634470863,102.14535475,1.891925253,0.8652440105,-3.103719625,4.8342076458,1.9994937049,-0.070093621,-1.809550809,1.6693635674,0.8763077763,0.0120840771,-0.007003903,0.0311720567,0.0096161867,2704.5387182,3.967471E-72,0.1872565945,0.6661804104,0.0063979914,0.9364137491,1.579142078,0.2119334471,3,188.33186721,62.77728907,0.6362282224,0.5934738368,96,9472.4181328,98.671022217,99,9660.75,0.019495
22,97.466243064,93.237834295,101.69465183,2.1301975761,0.3704007505,-3.841614269,4.5824157705,2.1219386952,1.510268337,-0.366963813,3.3875004866,0.945716366,-0.010258255,-0.033440536,0.0129240253,0.0116788232,2093.4793422,5.393428E-67,0.0304703927,0.8617947891,2.5502715462,0.1135619424,0.7715229613,0.3819394587,3,349.4651455,116.48838183,1.0446905536,0.3764700564,96,10704.494855,111.50515473,99,11053.96,0.031614
23,99.918038902,96.004209798,103.83186801,1.9717179028,-0.830595781,-5.128809867,3.4676183055,2.1653642608,0.0907063912,-1.739815644,1.9212284263,0.9221846362,0.0032466522,-0.017867112,0.0243604166,0.0106367412,2568.0190645,4.37225E-71,0.1471355146,0.7021361118,0.0096747558,0.9218512532,0.0931653369,0.7608518148,3,31.694535497,10.564845166,0.0927135119,0.9638956927,96,10939.345465,113.95151526,99,10971.04,0.002889
24,99.870626004,96.699051939,103.04220007,1.5977829375,-2.049462296,-5.938358648,1.8394340555,1.9591572233,-1.123999918,-2.792480633,0.5444807965,0.840551084,-0.004110764,-0.02640272,0.0181811921,0.0112302934,3906.9691864,1.410935E-79,1.0943123153,0.2981445149,1.7881515942,0.1843114119,0.1339870705,0.715138814,3,271.1808354,90.393611801,0.9845660061,0.4034574404,96,8813.8191646,91.810616298,99,9085,0.029849
25,96.52069881,92.822734217,100.2186634,1.8629691791,0.6429864757,-3.24242131,4.5283942611,1.9573997451,1.7693004791,0.083107816,3.4554931422,0.8494740504,0.0005165542,-0.019001058,0.0200341665,0.009832628,2684.2908753,5.621257E-72,0.1079057585,0.7432565649,4.3381339418,0.0399263197,0.0027598952,0.9582118067,3,394.28780798,131.42926933,1.4818198012,0.2243659516,96,8514.672192,88.694502,99,8908.96,0.044257
26,100.85474836,97.026791711,104.68270501,1.9284568782,-0.379783186,-4.634393152,3.8748267796,2.1433972757,-0.613338606,-2.54028283,1.3136056186,0.9707604303,-0.01119161,-0.033719553,0.0113363323,0.0113491792,2735.0976473,2.35611E-72,0.0313954071,0.8597344258,0.3991870761,0.5290110968,0.9724253147,0.3265549292,3,157.22869476,52.409564919,0.4578032866,0.7124071306,96,10990.131305,114.48053443,99,11147.36,0.014105
27,99.657360207,95.387043995,103.92767642,2.1513098049,2.4383150634,-1.898759229,6.7753893553,2.1849413453,-0.511821222,-2.458738851,1.4350964063,0.9808226782,-0.007182013,-0.029034492,0.0146704658,0.0110088924,2145.9166282,1.730868E-67,1.2453748116,0.2672232847,0.2723049785,0.6029916718,0.4256034208,0.5157132945,3,219.76064617,73.253548723,0.6195878846,0.6040013354,96,11350.029354,118.22947244,99,11569.79,0.018994
28,97.721789562,94.030254349,101.41332477,1.8597301709,0.3083254108,-3.424586413,4.0412372348,1.880574976,0.9089661773,-0.839663985,2.6575963393,0.8809289584,0.0094570169,-0.008295857,0.0272098912,0.0089435842,2761.1051719,1.518803E-72,0.0268804993,0.8701130405,1.0646667072,0.3047457278,1.1181115529,0.2929790289,3,177.89514156,59.298380518,0.6762615507,0.5686713548,96,8417.8148584,87.685571442,99,8595.71,0.020696
29,101.60410874,97.71909598,105.48912149,1.9572007362,1.9858446325,-2.147010714,6.1186999789,2.0820594512,-2.063643606,-3.9364764,-0.190810812,0.9435000482,0.006646312,-0.013455845,0.0267484689,0.0101271112,2694.9567531,4.677206E-72,0.9097127516,0.3425861102,4.7839379608,0.0311549513,0.4307152943,0.5132081899,3,609.90110967,203.30036989,1.9018366241,0.1344532392,96,10262.09889,106.89686344,99,10872,0.056098
30,101.20628356,97.241626359,105.17094077,1.9973242015,1.8715699396,-2.003155243,5.7462951227,1.9520180389,-0.47978075,-2.29693556,1.3373740599,0.9154504646,0.0008817539,-0.020473147,0.0222366544,0.0107582213,2567.5435917,4.409885E-71,0.9192729241,0.3400744608,0.2746729802,0.6014221341,0.0067175947,0.9348484221,3,115.1398501,38.379950033,0.4066812448,0.7485380416,96,9059.8601499,94.373543228,99,9175,0.012549
31,103.0697177,98.284751407,107.854684,2.4105814184,0.3902530946,-4.093071038,4.873577227,2.2586194291,-1.581733657,-3.601401348,0.4379340349,1.0174728736,-0.004389789,-0.026837454,0.0180578771,0.0113087371,1828.1783605,2.665619E-64,0.0298542793,0.8631850496,2.4166904869,0.1233389771,0.1506811766,0.6987447126,3,312.31032552,104.10344184,0.8548923289,0.4673715103,96,11690.279674,121.77374661,99,12002.59,0.026020
32,101.24067457,97.333400607,105.14794854,1.968415541,-0.025386998,-4.315487171,4.2647131754,2.1612766147,-1.297692847,-3.244061408,0.6486757145,0.9805460677,-0.009323134,-0.03155484,0.0129085721,0.0111999404,2645.3094905,1.107351E-71,0.0001379755,0.9906524025,1.751490623,0.188832658,0.6929348803,0.4072339506,3,299.15854611,99.719515368,0.8690405142,0.4600094128,96,11015.681454,114.74668181,99,11314.84,0.026439
33,102.98206871,99.479791877,106.48434555,1.7643851474,-0.923084717,-4.786258439,2.9400890059,1.9461986173,-1.418696495,-3.074946258,0.2375532677,0.8343893468,-0.011457382,-0.03031012,0.0073953555,0.0094976758,3406.7199752,8.573186E-77,0.224961812,0.6363620713,2.8909560592,0.0923156973,1.4552449676,0.230652698,3,443.75491685,147.91830562,1.6039947166,0.1935258442,96,8852.9950831,92.218698783,99,9296.75,0.047732
34,97.324833725,93.956924196,100.69274325,1.6966932735,-2.051959369,-5.81712493,1.7132061914,1.8968238383,0.8064315869,-0.842936588,2.4557997619,0.8309225244,0.0096688139,-0.009035841,0.0283734691,0.0094230745,3290.3391478,4.342569E-76,1.1702631132,0.2820571061,0.9419199529,0.3342235035,1.0528370291,0.3074331149,3,255.02800749,85.009335829,0.975528897,0.4076560073,96,8365.6119925,87.141791589,99,8620.64,0.029583
35,98.8305197,94.74913913,102.91190027,2.056127369,1.7125649912,-2.387440313,5.812570295,2.0655101806,-0.339138862,-2.236635394,1.5583576691,0.9559252032,0.0052324054,-0.014259309,0.0247241196,0.009819581,2310.3731578,5.77998E-69,0.6874473526,0.4090908144,0.1258656705,0.7235359577,0.2839336431,0.5953658181,3,125.76473258,41.921577526,0.4023366921,0.7516377729,96,10002.745267,104.1952632,99,10128.51,0.012417
36,100.78279326,97.148938808,104.41664772,1.8306716248,0.5193080858,-3.283684059,4.3223002305,1.9158802025,-0.726640006,-2.441178392,0.9878983808,0.8637541246,-0.006188252,-0.02448491,0.0121084059,0.0092175329,3030.7623376,1.998803E-74,0.0734705803,0.7869310261,0.7077149023,0.402294094,0.4507197975,0.5036055948,3,107.41279895,35.804266317,0.3991915251,0.7538841777,96,8610.427201,89.691950011,99,8717.84,0.012321
37,98.145216074,94.146348132,102.14408402,2.0145589659,1.4029721893,-2.562596259,5.3685406374,1.9977832697,0.1589823905,-1.680176454,1.998141235,0.926535708,0.0099536242,-0.010507029,0.0304142776,0.0103077154,2373.4402532,1.668763E-69,0.4931753719,0.484213528,0.0294424349,0.8641226344,0.9324759516,0.336646705,3,177.14465231,59.048217437,0.6179409368,0.6050501201,96,9173.4153477,95.556409872,99,9350.56,0.018945
38,102.61249516,98.97406255,106.25092778,1.8329780202,-1.689994196,-5.620879555,2.2408911641,1.980310543,0.2880193303,-1.48243182,2.0584704807,0.8919219865,0.0026225798,-0.016078488,0.0213236472,0.0094212671,3133.9061158,4.207207E-75,0.728289128,0.3955626506,0.1042772412,0.7474582208,0.0774887732,0.7813285379,3,98.017142348,32.672380783,0.3640907926,0.7790703039,96,8614.7428577,89.736904767,99,8712.76,0.011250
39,100.11525392,96.745140284,103.48536756,1.6978036651,1.7246077222,-2.257798605,5.7070140491,2.0062658953,-0.797248247,-2.584008011,0.9895115167,0.9001379776,0.0056175296,-0.014942342,0.026177401,0.0103576997,3477.1671887,3.295521E-77,0.738930634,0.392145174,0.7844566976,0.3779947724,0.2941467905,0.5888321436,3,149.68408403,49.894694678,0.5253763363,0.6658858603,96,9117.065916,94.969436625,99,9266.75,0.016153
40,98.777480889,95.238868073,102.31609371,1.7826905714,-1.78779847,-5.649921781,2.0743248408,1.9456694386,1.0880846187,-0.544669858,2.7208390957,0.8225528371,0.0056734802,-0.01537833,0.0267252905,0.0106055298,3070.1808421,1.095281E-74,0.8443043133,0.3604715827,1.7498375541,0.189039585,0.2861767548,0.593917995,3,254.88577092,84.96192364,0.910396325,0.4390403053,96,8959.1142291,93.324106553,99,9214,0.027663
41,101.90341409,97.28485348,106.52197471,2.326749177,0.9111611071,-3.671809394,5.494131608,2.3088195077,-1.440527486,-3.479496886,0.5984419138,1.0271967331,0.0128256236,-0.009435147,0.0350863947,0.0112145829,1918.1312951,2.970726E-65,0.1557436616,0.6939812482,1.9666896834,0.1640251663,1.3079487656,0.2556101918,3,385.19449512,128.39816504,0.9725011353,0.4090710982,96,12674.765505,132.02880734,99,13059.96,0.029494
42,98.318817768,92.902132598,103.73550294,2.7288302173,-0.649327937,-5.703423877,4.404768004,2.5461641744,0.6912292686,-1.593328861,2.9757873981,1.1509199928,-0.009287164,-0.034375036,0.0158007082,0.0126388265,1298.1362107,1.403486E-57,0.0650362318,0.7992516313,0.3607065009,0.5495294156,0.5399489906,0.4642450842,3,151.73161234,50.577204113,0.3482821683,0.7904652652,96,13941.028388,145.2190457,99,14092.76,0.010767
43,101.8275742,97.95362819,105.70152022,1.9516255071,-0.869197542,-5.099993085,3.3615980012,2.1313999907,-0.305594008,-2.160576817,1.5493887999,0.9345075412,-0.003214322,-0.024891262,0.0184626187,0.0109204593,2722.311543,2.928129E-72,0.1663056714,0.684324208,0.1069360281,0.7443717089,0.0866356951,0.769134054,3,45.282006606,15.094002202,0.1409607636,0.935211599,96,10279.627993,107.07945826,99,10324.91,0.004386
44,98.663199027,94.421386973,102.90501108,2.1369499141,-0.626096315,-5.035245497,3.7830528678,2.2212514008,0.3725628689,-1.590063739,2.3351894766,0.9887365841,0.0002684715,-0.021876093,0.0224130364,0.0111560402,2131.6784709,2.350381E-67,0.0794487129,0.7786526207,0.1419835174,0.7071486373,0.0005791303,0.9808506122,3,26.278326976,8.7594423254,0.0723337894,0.9746524577,96,11625.361673,121.09751743,99,11651.64,0.002255
45,98.678017751,94.483915717,102.87211978,2.1129144493,0.0422059661,-4.086939713,4.1713516449,2.0801905863,0.3659494003,-1.70227184,2.4341706411,1.0419332933,0.0114961143,-0.013448329,0.0364405578,0.0125665696,2181.10718,8.193027E-68,0.0004116626,0.9838545662,0.1233565597,0.7261918072,0.8368905562,0.362579693,3,113.93836951,37.979456502,0.353817655,0.7864727309,96,10304.82163,107.34189198,99,10418.76,0.010936
46,101.52142243,97.126850842,105.91599402,2.2139074656,-1.039947445,-5.084982356,3.0050874671,2.037817069,-0.457676528,-2.234698648,1.3193455929,0.8952323252,0.0162176865,-0.003907489,0.0363428619,0.0101387075,2102.79269,4.398847E-67,0.2604308287,0.6109957351,0.2613640006,0.6103584402,2.5586601961,0.1129775889,3,262.52950993,87.509836642,0.8991977571,0.4446377918,96,9342.7104901,97.319900938,99,9605.24,0.027332
47,102.12107172,98.84158138,105.40056207,1.6521492518,-1.073210962,-4.623978342,2.4775564187,1.7888138257,-0.163004696,-1.692924344,1.3669149518,0.7707464684,-0.008908378,-0.025084888,0.0072681325,0.0081494399,3820.605282,4.02068E-79,0.3599481236,0.5499485997,0.0447277597,0.8329537435,1.1949279959,0.2770732415,3,128.1795604,42.726520133,0.566663906,0.6383039364,96,7238.4104396,75.400108746,99,7366.59,0.017400
48,99.554405901,95.440015337,103.66879647,2.0727572207,2.1320454851,-2.122224817,6.3863157876,2.1432261594,-0.521290365,-2.317595873,1.275015144,0.9049469551,-0.010285341,-0.032725381,0.0121547002,0.0113048957,2306.8751807,6.198175E-69,0.9895937152,0.3223425215,0.3318280914,0.5659326472,0.8277595976,0.3651998015,3,236.41175319,78.803917729,0.6935121527,0.5582164252,96,10908.498247,113.63019007,99,11144.91,0.021213
49,100.91246087,97.349244592,104.47567715,1.7950853606,0.9686727741,-2.816209084,4.7535546323,1.9067565603,-1.851581923,-3.593715935,-0.109447911,0.8776563128,0.0076216674,-0.009570692,0.0248140268,0.0086612067,3160.2350383,2.849053E-75,0.2580855494,0.6126037935,4.4507879373,0.0374862986,0.7743604863,0.3810690278,3,480.58221437,160.19407146,1.8722513332,0.1394329706,96,8213.9777856,85.5622686,99,8694.56,0.055274
50,101.01566198,97.429439679,104.60188428,1.8066753888,-0.407718315,-4.037740786,3.2223041557,1.8287411392,0.4534067167,-1.177309815,2.0841232486,0.8215261564,0.007179378,-0.012038264,0.0263970197,0.0096815081,3126.2029709,4.718301E-75,0.0497068192,0.824047911,0.3046022507,0.582294038,0.5499049244,0.4601668263,3,79.172285251,26.39076175,0.3223517444,0.8091872421,96,7859.4677147,81.869455362,99,7938.64,0.009973
51,100.94329713,97.26465671,104.62193756,1.8532340043,-0.215156045,-4.065653477,3.635341386,1.939812526,-0.184473767,-1.935819907,1.5668723724,0.8822972199,0.0037831539,-0.016283043,0.0238493509,0.0101089953,2966.8422261,5.388681E-74,0.0123023361,0.9119145998,0.0437158988,0.8348260997,0.140052878,0.70905378,3,19.235854998,6.411951666,0.0694481883,0.9760909617,96,8863.404145,92.32712651,99,8882.64,0.002166
52,96.944430478,92.939484624,100.94937633,2.0176209108,0.614314222,-3.492642334,4.7212707775,2.0690120983,1.7000995275,-0.184269174,3.5844682294,0.9493116348,0.0010842333,-0.018227997,0.020396464,0.0097291604,2308.6951288,5.976875E-69,0.0881566502,0.7671752687,3.2072372404,0.076464891,0.0124192328,0.9114988349,3,346.54470847,115.51490282,1.096420271,0.3545365126,96,10114.215292,105.35640929,99,10460.76,0.033128
53,101.25863851,97.540698112,104.97657891,1.8730326361,0.0558286302,-3.413793739,3.5254509993,1.7479344038,-0.71198541,-2.460979574,1.0370087532,0.8811123359,0.0140960708,-0.002044245,0.0302363864,0.0081312056,2922.6275786,1.083197E-73,0.0010201492,0.974586391,0.6529495479,0.4210579358,3.0052891039,0.086203687,3,247.84189179,82.61396393,1.1268488737,0.3421736222,96,7038.1581082,73.314146961,99,7286,0.034016
54,97.812098862,93.14890266,102.47529506,2.3492357973,1.7896524889,-2.66036013,6.2396651079,2.2418376776,1.0107796412,-1.076848792,3.0984080748,1.0517102939,0.0031647227,-0.018061121,0.0243905668,0.010693205,1733.5322934,3.004885E-63,0.6372782401,0.4266685229,0.9236782609,0.3389255115,0.0875902071,0.7679026058,3,191.92968418,63.976561392,0.5210476121,0.6688168136,96,11787.310316,122.78448246,99,11979.24,0.016022
55,100.61648483,96.977265192,104.25570447,1.8333745093,3.8865983848,-0.233651611,8.0068483807,2.0757090986,-1.255920898,-3.195548811,0.6837070148,0.9771502483,-0.009808919,-0.03044394,0.0108261013,0.0103955585,3011.8677877,2.674011E-74,3.5059551308,0.0641921806,1.6519689514,0.2017832855,0.8903210987,0.3477589421,3,506.86724461,168.9557482,1.703373839,0.1714706204,96,9522.1327554,99.188882869,99,10029,0.050540
56,100.97094975,96.800783912,105.14111559,2.1008558172,0.3861339863,-3.475322326,4.2475902991,1.9453334167,0.3150711158,-1.328264026,1.9584062577,0.827883189,-0.005259658,-0.026078252,0.0155589354,0.0104880394,2309.9383412,5.830356E-69,0.0393992507,0.843079545,0.1448368444,0.7043599195,0.2514933147,0.6171736527,3,34.410567843,11.470189281,0.1280418617,0.9432526495,96,8599.8294322,89.581556585,99,8634.24,0.003985
57,98.07562595,93.832821874,102.31843003,2.1374496773,1.8035221575,-2.06784212,5.6748864348,1.950324874,-0.324283422,-2.130856397,1.4822895531,0.9101195232,-0.004352425,-0.023252258,0.0145474091,0.0095214021,2105.3794503,4.157359E-67,0.8551239009,0.3574254939,0.1269558254,0.7223913439,0.2089588212,0.6486174458,3,104.03456261,34.678187537,0.374761092,0.7713942863,96,8883.2754374,92.534119139,99,8987.31,0.011576
58,96.211974685,92.231239679,100.19270969,2.0054239135,-0.616706652,-4.960134369,3.7267210642,2.1881420883,2.1233212184,0.3060064943,3.9406359425,0.9155310264,-0.000310568,-0.022240657,0.0216195217,0.0110479912,2301.6849499,6.876375E-69,0.0794339624,0.7786726257,5.3787983875,0.0225031988,0.0007902154,0.9776321588,3,629.11733162,209.70577721,1.8184761861,0.1489470589,96,11070.672668,115.31950696,99,11699.79,0.053772
59,101.83650402,98.084830971,105.58817706,1.8900265476,-2.481071891,-6.595824181,1.6336803986,2.0729394514,-0.992868776,-2.793392207,0.8076546547,0.9070718698,-0.004404071,-0.025446029,0.016637888,0.0106005668,2903.1612261,1.477813E-73,1.4325357309,0.2342983859,1.1981199753,0.2764364856,0.1726038164,0.6787351473,3,283.09625737,94.365419122,0.9153041939,0.4366059366,96,9897.3437426,103.09733065,99,10180.44,0.027808
60,100.93559078,97.57154114,104.29964042,1.6947487288,-0.037087203,-3.773959301,3.699784895,1.8825700921,1.2521977282,-0.315894596,2.8202900527,0.789977188,0.0105127928,-0.010353735,0.0313793208,0.0105121879,3547.1375106,1.298807E-77,0.000388102,0.984323336,2.5125616238,0.1162309381,1.0001151012,0.3197967559,3,319.15284098,106.38428033,1.2370868775,0.3005781641,96,8255.597159,85.99580374,99,8574.75,0.037220
61,100.95033815,97.003204097,104.89747221,1.988496349,-1.828976195,-5.768136099,2.1101837095,1.9844791121,0.26063542,-1.388824942,1.9100957817,0.8309689664,0.0163580992,-0.002425198,0.035141397,0.0094626933,2577.3058541,3.699422E-71,0.8494210937,0.359026557,0.0983778351,0.7544655499,2.9883822651,0.0870787387,3,453.24058924,151.08019641,1.6213385051,0.1894902144,96,8945.5094108,93.182389695,99,9398.75,0.048223
62,101.86333296,97.332945172,106.39372075,2.2823292681,2.3425051297,-1.890232319,6.5752425782,2.1323782883,-0.759972768,-2.639254761,1.1193092236,0.9467490404,0.0140964144,-0.007657116,0.0358499448,0.010959044,1991.9533582,5.273538E-66,1.2067924857,0.2747158076,0.6443566492,0.4241204246,1.654519819,0.2014384201,3,366.86732275,122.28910758,1.089261125,0.3575026435,96,10777.722677,112.26794455,99,11144.59,0.032919
63,98.79345829,94.731931445,102.85498514,2.0461254136,2.6772707827,-1.324980934,6.6795224997,2.0162636519,-0.118144436,-1.90694413,1.670655258,0.9011656584,0.0022988461,-0.017272987,0.0218706791,0.0098599434,2331.2662564,3.816252E-69,1.763152816,0.1873803804,0.0171876808,0.8959691316,0.0543589376,0.8161413063,3,191.24674897,63.748916324,0.6423527605,0.5896310851,96,9527.313251,99.242846365,99,9718.56,0.019679
64,100.09804338,96.252991806,103.94309496,1.9370690011,-1.457718797,-5.524962212,2.6095246185,2.0490053204,0.4441097979,-1.333017746,2.2212373423,0.8952854358,-0.022110018,-0.041015288,-0.003204748,0.0095241407,2670.3057717,7.16134E-72,0.5061291323,0.4785444816,0.2460694339,0.6209902266,5.3892284997,0.0223763896,3,538.50428623,179.50142874,1.9250653425,0.1306651589,96,8951.4557138,93.244330352,99,9489.96,0.056745
65,103.46236025,99.63660524,107.28811526,1.9273477322,-0.064439616,-3.980503033,3.851623801,1.9728435103,-1.981320733,-3.71181562,-0.250825845,0.8717927278,-0.01221156,-0.032863713,0.0084405936,0.0104041897,2881.6724127,2.087225E-73,0.0010668924,0.974010891,5.1651517358,0.0252746287,1.3776083005,0.2434126493,3,572.63636373,190.87878791,1.9844870393,0.1214421525,96,9233.8036363,96.185454544,99,9806.44,0.058394
66,100.15634931,95.720642474,104.59205615,2.234630677,2.7011294229,-1.808587208,7.2108460536,2.2719155031,0.111239509,-1.940052321,2.1625313391,1.0334045555,0.0011155461,-0.021822143,0.0240532353,0.0115556023,2008.8405177,3.581761E-66,1.4135345793,0.2374031033,0.0115871701,0.9145029665,0.0093194409,0.923295138,3,174.47638737,58.158795791,0.4752553379,0.700242896,96,11747.883613,122.37378763,99,11922.36,0.014634
67,99.357155903,95.636928443,103.07738336,1.8741848178,0.1420988945,-4.245757666,4.5299554552,2.2105245544,0.1803824306,-1.701061901,2.061826762,0.9478383887,0.0028066505,-0.017663779,0.0232770798,0.0103126404,2810.4345238,6.676193E-73,0.0041322892,0.9488786481,0.0362176177,0.8494686441,0.0740690743,0.7860862903,3,11.693673362,3.8978911208,0.0344341224,0.9913797142,96,10867.056327,113.1985034,99,10878.75,0.001075
68,99.63542752,96.174527529,103.09632751,1.7435402242,-2.550011875,-6.182717088,1.0826933383,1.8300926571,1.2923038152,-0.344979958,2.9295875884,0.8248346164,0.0115744304,-0.007754708,0.0309035687,0.0097376781,3265.604869,6.174675E-76,1.9415038168,0.1667230891,2.4546834525,0.1204652768,1.4128251747,0.2375199912,3,407.30019493,135.76673164,1.6571043866,0.1814210689,96,7865.2898051,81.930102136,99,8272.59,0.049235
69,99.845616193,96.525441214,103.16579117,1.6726454512,-0.02026928,-3.384774505,3.3442359449,1.6949782451,0.8662626245,-0.765096427,2.4976216759,0.8218498463,0.0033519314,-0.01355744,0.020261303,0.0085186425,3563.2821764,1.050372E-77,0.0001430041,0.9904835967,1.1110003536,0.2945102471,0.1548279852,0.6948361419,3,94.910111322,31.636703774,0.4633681871,0.708517956,96,6554.4498887,68.275519674,99,6649.36,0.014274
70,103.05993311,98.770272447,107.34959377,2.1610551972,-0.912718554,-5.03152209,3.2060849806,2.0749803971,-0.649212184,-2.370532202,1.0721078338,0.8671705906,0.0103974883,-0.009789025,0.0305840019,0.0101696087,2274.3012661,1.19375E-68,0.1934843141,0.6610210331,0.56048532,0.4558951193,1.0453179229,0.3091574209,3,193.460077,64.486692332,0.6137151317,0.60774673,96,10087.289923,105.0759367,99,10280.75,0.018818
71,99.069116008,95.084721138,103.05351088,2.0072676879,2.3049638024,-1.929847476,6.5397750808,2.1334230471,-0.333830938,-2.017815765,1.35015389,0.8483617819,0.0010605721,-0.019342419,0.0214635636,0.0102786663,2435.9366433,5.025457E-70,1.1672778761,0.2826680523,0.1548427847,0.6948223017,0.0106465009,0.9180338584,3,146.1295258,48.709841932,0.4372034633,0.7268833737,96,10695.580474,111.41229661,99,10841.71,0.013478
72,97.544618674,93.843017695,101.24621965,1.8648011262,-1.372353716,-5.278024594,2.5333171624,1.967607933,0.779172415,-0.964476797,2.5228216266,0.8784196437,0.0124619993,-0.006397503,0.0313215021,0.009501084,2736.1606008,2.314021E-72,0.4864688041,0.4871924945,0.7867976596,0.3772870009,1.7203987939,0.1927698963,3,273.87614928,91.29204976,0.9562387243,0.4167443224,96,9165.1138507,95.469935945,99,9438.99,0.029015
73,97.993282756,94.216107516,101.770458,1.9028741025,0.6946467499,-2.931976549,4.3212700487,1.8270286963,0.5149447351,-1.203435574,2.2333250442,0.8656896174,0.0051135273,-0.012221159,0.0224482138,0.0087329086,2651.9937869,9.851405E-72,0.1445563849,0.7046326265,0.3538317714,0.5533515046,0.3428651416,0.5595540506,3,63.919584583,21.306528194,0.2596167103,0.8543095043,96,7878.6404154,82.069170994,99,7942.56,0.008048
74,99.894297578,96.174570733,103.61402442,1.8739326164,0.7630158601,-3.058170857,4.5842025774,1.9250463065,0.6785025359,-0.988081698,2.3450867698,0.8395956705,-0.013291568,-0.034749651,0.0081665155,0.010810203,2841.668769,3.995969E-73,0.1571031052,0.6927173916,0.6530742638,0.4210137331,1.5117665416,0.2218746694,3,254.86250881,84.954169603,0.9653542966,0.4124281407,96,8448.2974912,88.003098867,99,8703.16,0.029284
75,100.11950184,96.635120991,103.60388268,1.755369463,-0.613468992,-4.489896774,3.2629587885,1.9528757777,-0.480688073,-2.135154153,1.1737780066,0.8334907586,0.0018526438,-0.01963511,0.0233403975,0.0108251504,3253.1214867,7.38234E-76,0.0986815575,0.754099226,0.3326021981,0.5654806819,0.0292897699,0.8644718981,3,45.944356313,15.314785438,0.1648848077,0.9197820481,96,8916.6456437,92.881725455,99,8962.59,0.005126
76,98.331395642,94.593673885,102.0691174,1.8829981351,0.859014648,-3.231508581,4.9495378773,2.0607332791,0.611414387,-1.219682965,2.442511739,0.9224744707,-0.012686986,-0.032962142,0.0075881704,0.0102142653,2726.9967898,2.703655E-72,0.1737631055,0.6777194729,0.4393014083,0.509048079,1.5427752072,0.2172310123,3,206.91227587,68.970758622,0.6687041649,0.5732960304,96,9901.5277241,103.14091379,99,10108.44,0.020469
77,100.63725006,96.106008391,105.16849173,2.2827594382,0.1468970365,-4.46636751,4.7601615833,2.3240811124,0.125544095,-2.116552945,2.3676411352,1.1295288468,-0.002851888,-0.022663907,0.0169601321,0.0099809453,1943.5567583,1.626392E-65,0.0039950618,0.9497334872,0.0123537249,0.9117315806,0.0816434762,0.7756980794,3,12.664328459,4.2214428197,0.032934122,0.9919256451,96,12305.125672,128.17839241,99,12317.79,0.001028
78,102.94892247,99.157151344,106.74069359,1.9102272498,-0.923707124,-4.546536349,2.6991221001,1.8251173086,-1.713784407,-3.37042476,-0.057144054,0.8345861191,-0.023040155,-0.041045555,-0.005034755,0.0090708021,2904.5144306,1.446148E-73,0.25614567,0.6139408582,4.2166743272,0.0427481508,6.451777699,0.0126889579,3,1023.7181697,341.23938989,4.1072757116,0.0086741904,96,7975.8418303,83.081685733,99,8999.56,0.113752
79,98.710877317,94.840569182,102.58118545,1.9497928085,2.2927792848,-1.923351231,6.5089098001,2.124012009,-0.44444954,-2.242277746,1.3533786663,0.9057140632,0.0081802454,-0.014602881,0.0309633718,0.0114777363,2563.0264921,4.784359E-71,1.1652270627,0.2830887444,0.2408034471,0.6247462562,0.5079490816,0.4777567801,3,196.74192576,65.580641921,0.5863044227,0.6254313337,96,10738.008074,111.85425077,99,10934.75,0.017992
80,101.5157678,97.720461416,105.31107419,1.9120082532,0.7053087525,-3.493162224,4.9037797291,2.1151154456,-1.110182378,-3.024999517,0.8046347604,0.9646510189,-0.013823703,-0.032811073,0.0051636666,0.0095655012,2818.9507103,5.801168E-73,0.1111963145,0.7395134725,1.3244885382,0.2526465804,2.0884945292,0.1516686648,3,340.0506782,113.35022607,1.0548920029,0.3720518268,96,10315.389322,107.4519721,99,10655.44,0.031913
81,97.227848449,92.856991245,101.59870565,2.2019605789,-0.849197731,-5.249776035,3.551380574,2.216933544,1.8849758865,-0.039584231,3.8095360042,0.9695593595,-0.007933777,-0.02738561,0.011518056,0.0097994896,1949.6752178,1.408481E-65,0.1467277644,0.7025291206,3.7797475269,0.0548039794,0.6554703922,0.4201658347,3,568.48118266,189.49372755,1.5458413925,0.2076649062,96,11767.958817,122.58290435,99,12336.44,0.046081
82,98.94541335,94.645376614,103.24545009,2.1662824797,-0.241589358,-4.808433361,4.3252546446,2.3006952631,0.1499441771,-1.869409378,2.1692977323,1.0173146173,0.0088568431,-0.015928002,0.0336416878,0.0124861665,2086.2250687,6.325287E-67,0.0110264929,0.9165892556,0.0217244425,0.8831316236,0.5031525239,0.4798374189,3,71.669268708,23.889756236,0.1820212247,0.9083747442,96,12599.720731,131.24709095,99,12671.39,0.005656
83,101.8317297,97.852268601,105.81119079,2.0047821404,0.2834883981,-3.777862179,4.3448389748,2.0460366125,-0.406090115,-2.201325304,1.3891450734,0.9044077468,-0.012691505,-0.033089413,0.0077064036,0.0102761056,2580.0722746,3.520178E-71,0.0191974603,0.8900921123,0.2016119589,0.6544348416,1.5253486381,0.2198260769,3,188.29003479,62.763344931,0.6088067373,0.6108889897,96,9896.8699652,103.09239547,99,10085.16,0.018670
84,100.81078014,96.487312753,105.13424753,2.1780864266,-0.434758183,-4.771273061,3.9017566947,2.1846595224,0.2935542419,-1.710538035,2.2976465184,1.0096262549,-0.002073664,-0.024951035,0.0208037074,0.0115252151,2142.2183446,1.873683E-67,0.0396029927,0.8426797013,0.0845386775,0.7718656421,0.0323726738,0.8575914164,3,22.356158199,7.4520527329,0.0627375972,0.9793446846,96,11403.003842,118.78129002,99,11425.36,0.001957
85,96.402805045,92.419199126,100.38641096,2.0068702286,0.3105752749,-3.759834328,4.3809848776,2.0506003896,1.3075106717,-0.595730936,3.2107522796,0.9588194712,-0.009249715,-0.028839511,0.0103400818,0.0098689931,2307.4949588,6.121888E-69,0.0229388523,0.8799340132,1.8595882556,0.1758614936,0.8784377393,0.3509818725,3,254.38772323,84.795907742,0.8121077131,0.4902238352,96,10023.802277,104.41460705,99,10278.19,0.024750
86,97.130525377,93.460293378,100.80075738,1.8489979885,1.1881992579,-2.890961662,5.2673601778,2.0550091486,0.3031798631,-1.524856346,2.1312160718,0.9209323208,0.0092308006,-0.014628999,0.0330905999,0.012020145,2759.5521022,1.558979E-72,0.334311283,0.5644853068,0.1083790338,0.7427143379,0.5897382912,0.4444051931,3,120.95736668,40.319122226,0.387341195,0.7623650711,96,9992.8326333,104.0920066,99,10113.79,0.011960
87,98.968890118,95.605458525,102.33232171,1.6944373687,0.5189256958,-3.431137377,4.468988769,1.989971936,0.3496113183,-1.312243788,2.0114664246,0.8372132196,-0.010354505,-0.032066019,0.0113570085,0.0109378768,3411.5077204,8.028967E-77,0.06800118,0.7948281644,0.1743808594,0.6771798729,0.8961746567,0.3461862869,3,103.42410801,34.474702671,0.3728722402,0.7727520188,96,8875.885892,92.457144708,99,8979.31,0.011518
88,100.58401534,96.11177696,105.05625373,2.2530346254,0.7854290143,-3.406315929,4.9771739578,2.1117269891,-0.274245514,-2.186258673,1.6377676448,0.9632384234,0.0239254349,0.003317644,0.0445332258,0.0103818407,1993.0684082,5.140045E-66,0.1383369957,0.7107596213,0.0810609087,0.7764780884,5.3109346662,0.0233470136,3,615.29673305,205.09891102,1.8984316808,0.1350174191,96,10371.453267,108.03597153,99,10986.75,0.056004
89,98.696286065,94.985237225,102.4073349,1.8695607912,0.6945788246,-3.08901491,4.4781725594,1.9061076266,0.1928869604,-1.482257477,1.8680313975,0.8439081495,-0.011758187,-0.032239712,0.0087233369,0.0103182298,2786.9067552,9.863377E-73,0.1327847621,0.7163634173,0.0522414686,0.81969404,1.2985849348,0.2573072337,3,133.22553909,44.408513028,0.5051124802,0.6796673176,96,8440.1344609,87.918067301,99,8573.36,0.015539
90,103.88384082,100.04469312,107.72298852,1.9340947333,0.6684027426,-3.016636089,4.3534415742,1.8564574089,-2.937544487,-4.808428486,-1.066660488,0.94251828,-0.003348117,-0.020034178,0.0133379442,0.0084061425,2884.9647531,1.979362E-73,0.1296302822,0.7196065717,9.7138041008,0.0024128917,0.1586381723,0.6912978523,3,936.1524121,312.05080403,3.7021791637,0.0143350731,96,8091.6875879,84.288412374,99,9027.84,0.103696
91,101.72401022,97.339627818,106.10839263,2.2087743355,0.2274314193,-4.002572342,4.4574351809,2.1310011051,0.3115457642,-1.505758265,2.1288497931,0.9155256384,-0.016561491,-0.038345524,0.0052225418,0.0109744107,2121.0174951,2.959286E-67,0.0113902583,0.9152297392,0.1157984324,0.7343803644,2.2773850355,0.1345573152,3,274.87508911,91.625029705,0.826558776,0.4824058814,96,10641.714911,110.85119699,99,10916.59,0.025180
92,96.581367741,93.132731405,100.03000408,1.7373620111,1.4619565637,-2.159851617,5.0837647444,1.8246029249,1.1953714041,-0.387704606,2.7784474145,0.797525704,0.0015960633,-0.018333605,0.021525732,0.0100402147,3090.3385584,8.075807E-75,0.6419958275,0.4249677095,2.2465513325,0.1371938418,0.025270522,0.8740287883,3,255.37165567,85.123885224,1.0266999039,0.3843744947,96,7959.3783443,82.910191087,99,8214.75,0.031087
93,97.744495385,94.234757274,101.2542335,1.7681440053,1.9782704696,-1.500759877,5.4573008165,1.7526739767,0.5535072098,-0.869485609,1.9765000291,0.7168786227,-0.018047437,-0.034441222,-0.001653653,0.0082588987,3055.9718671,1.359309E-74,1.2739989191,0.2618305735,0.5961496656,0.4419474947,4.7751477346,0.0313065448,3,541.12994458,180.37664819,2.5397597379,0.0609999256,96,6818.0300554,71.021146411,99,7359.16,0.073531
94,99.282291243,95.616220413,102.94836207,1.8469016654,1.5867697006,-2.201130343,5.3746697437,1.9082770686,-0.115000414,-1.74819711,1.5181962819,0.8227756191,-0.012642297,-0.031712159,0.006427565,0.0096070594,2889.7218166,1.83347E-73,0.6914247718,0.4077436947,0.019536015,0.8891335175,1.7316935397,0.1913284945,3,231.46969994,77.156566646,0.8548680819,0.4673842103,96,8664.5303001,90.255523959,99,8896,0.026020
95,101.90883238,98.181810148,105.63585461,1.8776079043,-3.219080494,-7.024053007,0.5858920184,1.916877877,-1.010092515,-2.761103101,0.7409180713,0.8821281739,-0.008125213,-0.027137452,0.0108870248,0.0095780294,2945.8717903,7.4946E-74,2.8201667167,0.0963386837,1.311169745,0.2550296714,0.719643182,0.3983712309,3,438.25548628,146.08516209,1.5916424314,0.1964500051,96,8811.1345137,91.782651185,99,9249.39,0.047382
96,96.790582591,92.591593748,100.98957144,2.1153763379,0.1794852488,-3.919064625,4.2780351228,2.0647769608,0.3931297622,-1.520987576,2.3072471003,0.9642984718,-0.007537026,-0.029920444,0.0148463922,0.0112763702,2093.5865693,5.380759E-67,0.0075563355,0.9309104485,0.1662068392,0.6844128913,0.446746695,0.5054878973,3,64.148559116,21.382853039,0.2046377086,0.892960065,96,10031.161441,104.49126501,99,10095.31,0.006354
97,97.250037635,93.814745187,100.68533008,1.7306395967,3.0698519972,-0.441959317,6.5816633119,1.7691884486,1.4411786981,-0.144348694,3.02670609,0.7987606666,-0.008250889,-0.026138625,0.0096368472,0.0090115252,3157.6666771,2.959066E-75,3.0108331258,0.0859188517,3.2553847671,0.0743250833,0.8383104599,0.3621746143,3,582.37868403,194.12622801,2.489588653,0.0649305411,96,7485.621316,77.975222041,99,8068,0.072184
98,94.993001297,90.679473355,99.306529239,2.1730791103,2.3243299755,-1.928690235,6.577350186,2.1425963852,1.7104141609,-0.237608738,3.6584370595,0.9813794937,-0.012479246,-0.035965336,0.0110068442,0.011831877,1910.8744115,3.533011E-65,1.1768329791,0.2807184777,3.0375861858,0.0845588151,1.1124215737,0.2942033969,3,534.08444009,178.0281467,1.5669544071,0.2024213453,96,10906.95556,113.61412042,99,11441.04,0.046681
99,98.448676748,94.357581152,102.53977234,2.0610216272,-2.543139763,-6.7316116,1.6453320739,2.1100780557,0.7673757092,-1.180926383,2.7156778014,0.9815201465,0.0050951,-0.017229387,0.0274195872,0.0112466819,2281.6796457,1.028242E-68,1.4525912194,0.2310751307,0.6112482927,0.4362422146,0.205237447,0.6515484006,3,246.38763941,82.129213138,0.746106204,0.527221864,96,10567.402361,110.07710792,99,10813.79,0.022785
