0,14,29,19,38,1388,2877,1930,3866,99.142857143,99.206896552,101.57894737,101.73684211,112.9010989,80.24137931,141.36842105,116.46941679,10.625492878,8.9577552607,11.889845291,10.792099739,82,86,80,80,94,94,95,95,98,97,102,101.5,105,104,106,111,121,123,125,120,97,88,102,95,153.3170936,10568.472906,10721.79,3,96,99,51.105697865,110.08825944,0.4642247786,0.7079201542,3,1.9013961044,0.5931223173,1.9661042452,3,0.5794716168
1,28,34,17,21,2799,3485,1729,2145,99.964285714,102.5,101.70588235,102.14285714,134.03571429,74.681818182,148.47058824,53.328571429,11.577379422,8.641864277,12.184850768,7.3026414008,75,87,81,91,96.5,97,95,96,101,103.5,104,102,106.5,106,109,106,118,125,124,117,98,105,104,106,108.79487395,9525.5651261,9634.36,3,96,99,36.264957983,99.22463673,0.3654834039,0.7780676903,3,7.0942263113,0.0689543361,0.5357669567,3,0.9109661618
2,30,20,31,19,2922,2011,3115,1907,97.4,100.55,100.48387097,100.36842105,103.97241379,90.155263158,112.99139785,135.9122807,10.196686412,9.4950125412,10.629741194,11.658142249,78,82,73,80,89,93.5,93,94,97,99,101,102,104,107,106,106,118,119,125,126,88,99,91,94,198.43701188,10564.312988,10762.75,3,96,99,66.145670628,110.04492696,0.6010787817,0.6158580686,3,0.8258211891,0.843281496,1.972442738,3,0.5781459734
3,30,17,22,31,2999,1698,2191,3196,99.966666667,99.882352941,99.590909091,103.09677419,80.240229885,88.110294118,150.72943723,95.090322581,8.9576911023,9.386708375,12.277191749,9.7514266946,77,77,73,80,94,94,92,95,99.5,99,98.5,104,106,105,108,108,116,115,121,125,93,99,83,104,230.68076821,9754.7592318,9985.44,3,96,99,76.893589404,101.61207533,0.7567367279,0.5211196276,3,2.7865360015,0.4257211296,2.1866045666,3,0.5345916711
4,26,27,24,23,2634,2652,2393,2341,101.30769231,98.222222222,99.708333333,101.7826087,80.381538462,57.025641026,104.73731884,104.45059289,8.9655751885,7.5515323627,10.234125211,10.220107283,83,84,79,74,93,93,93,96,101.5,99,98.5,100,107,104,106,110,122,111,118,121,93,102,98,100,200.92349498,8199.076505,8400,3,96,99,66.974498328,85.407046927,0.7841800031,0.5056203781,3,2.8476509797,0.4157156698,2.3203129609,3,0.5086406562
5,28,26,26,20,2772,2600,2526,1990,99,100,97.153846154,99.5,87.259259259,78.32,86.135384615,76.894736842,9.3412664698,8.8498587559,9.2809150742,8.768964411,77,77,79,84,92.5,96,91,93,99,100,98,98.5,103.5,105,103,105,118,116,113,121,99,99,94,105,118.17538462,7928.3846154,8046.56,3,96,99,39.391794872,82.587339744,0.4769713493,0.6990520921,3,0.1434233212,0.9861599131,1.4419142542,3,0.6957398719
6,22,29,19,30,2195,2892,1871,3016,99.772727273,99.724137931,98.473684211,100.53333333,209.13636364,153.34975369,72.040935673,112.32643678,14.461547761,12.383446761,8.4876931891,10.598416711,76,73,81,86,87,91,92,93,100,99,97,98.5,108,106,104,104,131,127,114,129,85,97,92,92,49.379751416,13239.860249,13289.24,3,96,99,16.459917139,137.91521092,0.119348091,0.9485294615,3,5.8219376178,0.120602132,0.233144528,3,0.9720691817
7,23,25,25,27,2231,2529,2449,2674,97,101.16,97.96,99.037037037,85,133.47333333,82.29,162.88319088,9.2195444573,11.553065971,9.0713835769,12.762569917,76,81,77,68,90,94,91,90,98,100,98,101,104,109,103,109,112,120,114,120,107,106,91,101,232.82703704,11283.282963,11516.11,3,96,99,77.609012346,117.53419753,0.6603100542,0.5784642609,3,4.078125929,0.2531505814,1.8184094559,3,0.6109370496
8,27,21,30,22,2720,2157,2989,2163,100.74074074,102.71428571,99.633333333,98.318181818,46.353276353,150.41428571,73.136781609,138.03679654,6.8083240488,12.264350195,8.5520045375,11.748906185,87,77,82,76,96,93,95,92,101,103,100,99.5,105,111,107,108,115,123,117,114,91,93,91,110,227.37970659,9233.2102934,9460.59,3,96,99,75.79323553,96.17927389,0.7880412532,0.5034690575,3,10.207896807,0.0168791404,1.1468446861,3,0.7657792913
9,22,25,24,29,2143,2470,2429,2985,97.409090909,98.8,101.20833333,102.93103448,81.205627706,136.66666667,109.30253623,113.92364532,9.0114165205,11.690451945,10.454785327,10.673502018,81,72,81,81,91,90,94.5,95,97,99,101,104,104,107,108,112,118,120,126,121,95,99,101,107,460.57141588,10689.138584,11149.71,3,96,99,153.52380529,111.34519358,1.3788094515,0.2539281176,3,1.4698677096,0.6892421025,4.1965135765,3,0.2410111742
10,29,25,24,22,2790,2508,2428,2196,96.206896552,100.32,101.16666667,99.818181818,83.24137931,100.56,60.31884058,112.15584416,9.1236713723,10.027960909,7.7665204937,10.590365629,71,79,88,81,90,96,95.5,93,99,101,99.5,100,102,106,106,110,111,121,119,117,99,106,103,93,392.3553187,8486.8046813,8879.16,3,96,99,130.78510623,88.40421543,1.4793989811,0.2250217907,3,2.3466167301,0.5036492479,3.5043240464,3,0.3202017394
11,29,18,32,21,2872,1811,3250,2186,99.034482759,100.61111111,101.5625,104.0952381,118.03448276,159.0751634,95.47983871,105.29047619,10.864367573,12.612500283,9.771378547,10.261114764,78,78,79,81,93,94,95.5,100,96,99.5,101.5,103,106,104,108,110,130,138,125,125,94,96,104,100,322.46218117,11074.927819,11397.39,3,96,99,107.48739372,115.36383145,0.9317252416,0.4285437363,3,1.5602961072,0.6684255343,4.5783119794,3,0.2054105035
12,25,20,33,22,2464,2037,3341,2190,98.56,101.85,101.24242424,99.545454545,107.59,179.71315789,94.189393939,56.735930736,10.372559954,13.405713629,9.7051220466,7.5323257189,83,72,81,81,89,93.5,94,94,99,102,102,101,106,112,110,104,125,123,119,112,87,86,102,99,165.53484848,10202.225152,10367.76,3,96,99,55.178282828,106.27317866,0.5192117477,0.670062029,3,6.6449311133,0.0841187111,1.7065440637,3,0.6354798818
13,29,29,21,21,2929,2928,2128,2059,101,100.96551724,101.33333333,98.047619048,112.64285714,139.60591133,68.433333333,107.14761905,10.613333932,11.815494544,8.2724442176,10.351213409,82,71,86,74,93,95,95,92,99,101,102,98,111,108,109,105,122,137,114,117,98,101,105,86,154.05543514,10574.584565,10728.64,3,96,99,51.351811713,110.15192255,0.4661907893,0.7065489745,3,2.7625550117,0.4297011801,1.1802740405,3,0.7577391949
14,28,19,25,28,2837,1919,2440,2873,101.32142857,101,97.6,102.60714286,138.4484127,111,105.33333333,127.50661376,11.766410357,10.535653753,10.263202879,11.291882649,71,84,80,79,95.5,92,93,95.5,103.5,101,97,103,108.5,109,102,110.5,122,119,123,130,103,92,97,98,354.60428571,11706.785714,12061.39,3,96,99,118.20142857,121.94568452,0.9692957076,0.4105738413,3,0.5664998759,0.9040567695,4.0114053675,3,0.2602351871
15,19,42,19,20,1928,4217,1859,2033,101.47368421,100.4047619,97.842105263,101.65,154.59649123,79.661440186,115.14035088,103.71315789,12.433683735,8.9253257748,10.730347193,10.183965725,83,82,77,83,89,94,91,96,103,99.5,99,101,109,107,104,110,127,120,120,118,97,93,92,100,177.37779449,10091.932206,10269.31,3,96,99,59.125931495,105.12429381,0.5624383228,0.641094816,3,2.9891150759,0.3933064639,1.6608176477,3,0.6456797686
16,28,22,27,23,2779,2261,2736,2373,99.25,102.77272727,101.33333333,103.17391304,95.157407407,94.183982684,58.846153846,99.059288538,9.7548658324,9.7048432591,7.6711246794,9.9528532862,77,80,81,90,95,94,96,95,99,105.5,102,101,103,111,108,110,119,115,115,123,103,94,102,91,242.57201581,8256.4179842,8498.99,3,96,99,80.857338603,86.004354002,0.9401540136,0.424454838,3,2.0820873842,0.5555450992,2.542644917,3,0.4676334648
17,35,29,20,16,3533,2872,1974,1485,100.94285714,99.034482759,98.7,92.8125,123.05546218,69.320197044,141.27368421,155.49583333,11.093036653,8.3258751519,11.885860684,12.469796844,74,86,82,74,95,93,88.5,84,99,98,97.5,93.5,110,103,109.5,102,127,117,119,114,96,100,83,85,733.55126847,11141.488732,11875.04,3,96,99,244.51708949,116.05717429,2.1068675073,0.1044078748,3,4.2333373418,0.2373453076,4.4323258982,3,0.218406679
18,32,27,13,28,3186,2735,1271,2809,99.5625,101.2962963,97.769230769,100.32142857,82.705645161,70.13960114,52.692307692,109.70767196,9.0942644101,8.3749388738,7.2589467344,10.474143018,86,83,89,79,93,97,92,94.5,97,99,97,99.5,106,108,101,109,118,120,114,122,95,98,90,110,119.07053521,7981.9194648,8100.99,3,96,99,39.690178402,83.144994425,0.4773610086,0.6987818282,3,2.52422796,0.4709284563,1.9662696946,3,0.5794369881
19,24,28,26,22,2392,2894,2622,2156,99.666666667,103.35714286,100.84615385,98,160.23188406,83.497354497,87.735384615,77.523809524,12.658273344,9.1376886846,9.3667168536,8.8047606171,76,83,83,86,89.5,97.5,96,92,98.5,105,99,94.5,109,111,105,106,126,116,120,116,87,116,99,94,383.89347985,9761.1465201,10145.04,3,96,99,127.96449328,101.67860958,1.2585193071,0.2930485765,3,4.1686451743,0.2438199061,4.4871452218,3,0.2134397742
20,23,26,31,20,2306,2543,3100,1943,100.26086957,97.807692308,100,97.15,102.74703557,93.281538462,117,75.607894737,10.136421241,9.6582368195,10.816653826,8.6952800264,81,70,71,79,93,92,95,91,103,98,98,98.5,108,104,105,104.5,119,114,127,110,89,98,96,91,172.33675585,9539.0232441,9711.36,3,96,99,57.445585284,99.36482546,0.5781279745,0.6307702155,3,1.1133418399,0.7738543259,1.4878086631,3,0.6850869296
21,24,30,26,20,2444,2935,2584,1942,101.83333333,97.833333333,99.384615385,97.1,82.144927536,87.591954023,91.686153846,101.67368421,9.0633838899,9.3590573256,9.5752887082,10.083336958,75,77,84,83,97.5,90,92,88,103,97,99,95.5,106.5,105,102,104.5,122,118,123,121,98,90,100,88,309.29615385,8653.4538462,8962.75,3,96,99,103.09871795,90.140144231,1.1437602949,0.3354713382,3,0.2506106108,0.9690328676,4.5038148166,3,0.2119502667
22,25,27,25,23,2455,2773,2471,2282,98.2,102.7037037,98.84,99.217391304,132,71.37037037,93.723333333,156.45059289,11.489125293,8.4480986246,9.6810812068,12.508021142,81,83,83,61,92,97,92,92,97,105,99,96,103,109,104,110,134,118,122,117,90,106,92,92,322.48732689,10714.902673,11037.39,3,96,99,107.49577563,111.61356951,0.9631066912,0.4134887864,3,4.2885441708,0.2319450977,4.9051974376,3,0.1788721394
23,21,27,25,27,2074,2607,2562,2800,98.761904762,96.555555556,102.48,103.7037037,132.99047619,73.794871795,91.426666667,102.13960114,11.532149678,8.5903941583,9.5617292718,10.106413861,78,78,82,83,90,91,96,99,97,96,104,104,105,102,108,111,129,111,117,126,90,96,96,106,858.16417989,9428.3458201,10286.51,3,96,99,286.05472663,98.211935626,2.9126269104,0.0383277105,3,2.0317400907,0.5658451341,9.2291373318,3,0.026394523
24,30,30,16,24,2918,3112,1620,2363,97.266666667,103.73333333,101.25,98.458333333,123.51264368,106.4091954,125.4,89.21557971,11.113624237,10.315483285,11.198214143,9.4453999233,77,86,83,74,91,97,92.5,93.5,96,102,101,100,107,110,110,105,121,127,118,116,96,100,101,88,722.61833333,10600.691667,11323.31,3,96,99,240.87277778,110.42387153,2.1813469719,0.0952127654,3,0.8078459943,0.8475894693,5.3903615096,3,0.1453452707
25,18,25,29,28,1794,2504,2931,2868,99.666666667,100.16,101.06896552,102.42857143,72.941176471,96.723333333,88.92364532,70.253968254,8.5405606649,9.8348021502,9.4299334738,8.38176403,82,77,85,83,95,93,94,96.5,99.5,101,99,104,106,108,105,108,120,113,126,117,96,93,99,93,106.83078818,7948.0792118,8054.91,3,96,99,35.610262726,82.79249179,0.4301146391,0.7318921567,3,0.8396396572,0.8399641207,1.7895855822,3,0.6172038481
26,23,22,26,29,2375,2197,2574,2999,103.26086957,99.863636364,99,103.4137931,78.656126482,95.456709957,55.04,152.75123153,8.8688289239,9.7701949805,7.4188947964,12.359256916,85,75,89,74,98,95,93,100,105,101,99,105,109,105,103,110,121,118,115,126,107,95,97,102,398.68982554,9388.0601745,9786.75,3,96,99,132.89660851,97.792293484,1.3589681127,0.2600267359,3,7.0568026868,0.070109147,6.8520311667,3,0.0767666097
27,27,22,27,24,2684,2199,2653,2427,99.407407407,99.954545455,98.259259259,101.125,95.250712251,77.75974026,117.73789174,68.461956522,9.7596471376,8.8181483464,10.850709273,8.2741740689,78,84,75,85,93,93,92,95.5,98,101.5,97,102,107,105,103,106.5,121,120,120,116,100,101,93,105,108.02675084,8745.2832492,8853.31,3,96,99,36.008916947,91.096700512,0.39528234,0.7566789794,3,2.029131796,0.5663823611,1.9306852974,3,0.5869171191
28,22,30,17,31,2297,3025,1749,3115,104.40909091,100.83333333,102.88235294,100.48387097,72.729437229,89.247126437,166.73529412,102.52473118,8.5281555585,9.4470697275,12.912602144,10.125449678,82,75,79,82,103,95,92,92,105.5,102,103,102,109,108,111,109,121,112,125,118,106,106,104,88,251.04851015,9858.9914899,10110.04,3,96,99,83.682836716,102.69782802,0.8148452439,0.4887350542,3,3.5477193056,0.3146256213,2.0201349546,3,0.5682381547
29,29,22,25,24,2857,2218,2507,2331,98.517241379,100.81818182,100.28,97.125,92.187192118,169.39393939,65.71,72.548913043,9.6014161517,13.015142696,8.1061704892,8.5175649715,76,83,85,80,93,92,94,92.5,99,98,99,96.5,105,107,106,101.5,116,131,119,117,87,88,106,93,203.13089342,9384.1791066,9587.31,3,96,99,67.710297806,97.751865694,0.6926752479,0.5587203718,3,6.3737699503,0.0947758694,1.5035084344,3,0.6814608226
30,18,27,27,28,1844,2733,2708,2775,102.44444444,101.22222222,100.2962963,99.107142857,100.73202614,66.487179487,59.293447293,104.83994709,10.036534568,8.1539671012,7.700223847,10.239138005,80,88,85,80,96,94,96,93.5,105,99,101,98,108,107,105,105,120,118,114,117,105,99,100,95,136.58068783,7813.4193122,7950,3,96,99,45.526895944,81.389784502,0.5593686753,0.6431269094,3,2.9793947761,0.3948130191,2.0180917073,3,0.5686602072
31,25,25,25,25,2531,2553,2423,2502,101.24,102.12,96.92,100.08,96.19,110.11,121.24333333,83.743333333,9.8076500753,10.493331216,11.011055051,9.1511383627,82,86,78,79,95,95,89,95,103,103,97,99,109,108,105,108,116,121,115,115,95,108,93,108,387.31,9870.88,10258.19,3,96,99,129.10333333,102.82166667,1.2556043635,0.2940623527,3,0.9111338218,0.8227401642,2.9923887136,3,0.3928001762
32,23,34,23,20,2270,3363,2341,2018,98.695652174,98.911764706,101.7826087,100.9,138.49407115,114.56773619,132.99604743,138.93684211,11.7683504,10.703631916,11.532391228,11.787147327,73,82,77,75,93,91,93,93,98,99,100,101,110,107,112,107.5,117,122,121,128,97,91,93,93,168.04209719,12393.317903,12561.36,3,96,99,56.014032396,129.09706149,0.4338908396,0.7292223393,3,0.3379707422,0.9527359339,1.1716972431,3,0.7598001746
33,22,19,31,28,2207,1892,3219,2735,100.31818182,99.578947368,103.83870968,97.678571429,158.7034632,87.14619883,65.47311828,80.078042328,12.597756277,9.3352128433,8.0915460995,8.9486335453,70,87,87,80,96,90,100,92,101.5,101,105,96,107,107,108,104,123,119,122,115,100,88,105,92,585.20500254,9027.7049975,9612.91,3,96,99,195.06833418,94.038593724,2.0743433781,0.1086917377,3,5.4817566995,0.1397338496,6.9761168183,3,0.0726629192
34,19,28,21,32,1880,2669,2106,3236,98.947368421,95.321428571,100.28571429,101.125,110.16374269,80.596560847,64.914285714,94.629032258,10.495891705,8.9775587353,8.0569402203,9.7277454869,76,78,80,82,94,90.5,96,93,97,96.5,103,100.5,108,99.5,106,108.5,117,114,110,119,97,93,106,97,557.34977444,8390.8402256,8948.19,3,96,99,185.78325815,87.404585683,2.125555046,0.1020218961,3,1.4844810171,0.6858567075,5.3921754595,3,0.1452318528
35,22,24,32,22,2136,2405,3266,2223,97.090909091,100.20833333,102.0625,101.04545455,149.13419913,92.954710145,136.38306452,125.47402597,12.212051389,9.6413023054,11.678315997,11.201518914,77,79,80,78,87,95,93,95,98,102.5,103,98.5,102,106,109,109,127,117,128,126,101,95,89,95,338.39393939,12132.606061,12471,3,96,99,112.7979798,126.38131313,0.8925210302,0.4480035119,3,1.3550431002,0.7161058674,2.6785033498,3,0.4438927945
36,31,25,28,16,3178,2479,2777,1613,102.51612903,99.16,99.178571429,100.8125,46.258064516,56.056666667,111.18915344,48.429166667,6.8013281435,7.4871000171,10.544626757,6.9591067434,85,91,73,83,99,93,94.5,97.5,103,97,98,100,108,104,104,105.5,114,117,122,112,108,91,96,97,221.26342166,6461.6465783,6682.91,3,96,99,73.754473886,67.308818524,1.0957624202,0.3548081498,3,6.8983627933,0.0752088272,5.3530517099,3,0.1476967523
37,24,27,22,27,2426,2746,2152,2718,101.08333333,101.7037037,97.818181818,100.66666667,130.60144928,119.83190883,159.67965368,70.153846154,11.42809911,10.946776184,12.636441496,8.3757892854,77,84,69,79,96,95,89,95,101,99,100.5,102,108.5,108,106,106,131,129,121,118,101,99,91,91,205.62430976,11296.73569,11502.36,3,96,99,68.541436588,117.67433011,0.5824671917,0.6279332959,3,4.0963562213,0.2512456191,1.0818186212,3,0.7814648543
38,26,31,22,21,2584,3051,2210,2186,99.384615385,98.419354839,100.45454545,104.0952381,102.72615385,73.651612903,68.831168831,98.19047619,10.135391154,8.5820517887,8.2964551967,9.9091107669,78,78,82,87,94,95,95,97,99,101,100,103,108,104,109,110,120,113,114,128,94,96,100,99,434.42369749,8186.9663025,8621.39,3,96,99,144.80789916,85.280898985,1.6980109366,0.1725964615,3,1.4012293221,0.7052465966,3.2924716293,3,0.348691829
39,16,28,34,22,1560,2841,3392,2227,97.5,101.46428571,99.764705882,101.22727273,125.73333333,72.257936508,148.91265597,87.231601732,11.213087591,8.5004668406,12.20297734,9.3397859575,82,82,78,71,89.5,95.5,91,99,94,101,100,103.5,102.5,108,109,108,126,116,131,112,88,101,102,109,191.05443086,10582.945569,10774,3,96,99,63.684810288,110.23901635,0.5776975557,0.6310520581,3,4.3421184189,0.2268127365,3.7579506421,3,0.2888152078
40,27,27,19,27,2683,2699,1900,2722,99.37037037,99.962962963,100,100.81481481,88.626780627,105.80626781,101.55555556,92.772079772,9.4141797639,10.286217371,10.077477639,9.6318263986,84,79,84,84,90,92,92,93,99,99,98,102,106,108,107,109,121,117,122,121,90,90,89,103,28.506666667,9295.3333333,9323.84,3,96,99,9.5022222222,96.826388889,0.0981366994,0.9608756409,3,0.2440885228,0.9701763685,0.3230389284,3,0.9556388133
41,27,23,20,30,2675,2292,2014,3002,99.074074074,99.652173913,100.7,100.06666667,95.455840456,155.6916996,181.48421053,172.47816092,9.7701504828,12.477648,13.47160757,13.133094111,80,76,78,79,89,93,91.5,90,101,102,99.5,98.5,107,109,108,108,113,123,131,129,101,78,88,107,32.974090177,14357.13591,14390.11,3,96,99,10.991363392,149.55349906,0.0734945251,0.9740674371,3,2.9239992441,0.4034920396,0.0527683726,3,0.9968266745
42,30,22,28,20,2930,2170,2829,1974,97.666666667,98.636363636,101.03571429,98.7,126.43678161,102.90909091,76.406084656,135.27368421,11.244411128,10.144411807,8.7410574106,11.630721569,77,84,88,77,90,89,94,89.5,97,98.5,100.5,97,101,106,106,106.5,138,119,122,125,88,86,104,89,173.98813853,10460.921861,10634.91,3,96,99,57.996046176,108.96793606,0.5322303815,0.6612598353,3,2.3238113623,0.5079746363,2.1548079499,3,0.5409045582
43,26,21,34,19,2646,2096,3472,1904,101.76923077,99.80952381,102.11764706,100.21052632,138.66461538,83.161904762,107.25846702,175.73099415,11.775594057,9.1193149283,10.356566372,13.256356745,74,89,84,77,95,93,96,92,102,99,101,97,108,102,109,109,125,122,129,132,91,93,100,93,96.219213645,11832.540786,11928.76,3,96,99,32.073071215,123.25563319,0.2602158651,0.8538819307,3,3.0711639267,0.3807827112,1.6997255618,3,0.6369948113
44,17,27,28,28,1712,2727,2782,2853,100.70588235,101,99.357142857,101.89285714,75.470588235,127.69230769,104.75661376,114.54365079,8.6873809768,11.30010211,10.235067843,10.702506753,83,73,79,88,98,95,91,93,101,101,100,102,106,110,107.5,111,113,122,117,125,100,103,88,93,92.603445378,10448.636555,10541.24,3,96,99,30.867815126,108.83996411,0.2836073622,0.837122105,3,1.33376501,0.7211312815,0.5529865332,3,0.9071054774
45,22,24,24,30,2199,2438,2301,2998,99.954545455,101.58333333,95.875,99.933333333,127.28354978,160.86231884,53.244565217,93.374712644,11.282001143,12.683150982,7.296887365,9.6630591762,75,71,78,70,91,95,91.5,96,100,100,98,100.5,110,113.5,101.5,107,119,124,107,116,85,89,102,101,427.76045455,10305.279545,10733.04,3,96,99,142.58681818,107.34666193,1.328283671,0.2697279286,3,7.1638290399,0.0668553086,4.0389231379,3,0.2572916921
46,25,23,23,29,2485,2259,2378,2867,99.4,98.217391304,103.39130435,98.862068966,85.333333333,72.177865613,41.249011858,83.266009852,9.237604307,8.4957557411,6.4225393621,9.1250210878,79,77,91,83,95,95,98,92,100,100,103,97,107,104,109,107,113,111,117,117,104,104,103,95,382.95041979,6874.8395802,7257.79,3,96,99,127.65013993,71.612912294,1.7825017283,0.1556600744,3,3.4740693566,0.3241408437,5.0090794038,3,0.1711335117
47,19,27,30,24,1910,2793,2940,2417,100.52631579,103.44444444,98,100.70833333,73.485380117,100.25641026,103.65517241,129.34601449,8.5723614084,10.012812305,10.181118426,11.37303893,86,82,76,82,94,102,91,89.5,99,105,99,103,109,112,104,109,116,118,120,121,94,103,100,89,421.63815789,9910.3618421,10332,3,96,99,140.54605263,103.23293586,1.3614458551,0.2592577441,3,1.5462062017,0.6716477466,4.6214862509,3,0.2017066125
48,26,27,25,22,2617,2742,2462,2270,100.65384615,101.55555556,98.48,103.18181818,132.79538462,105.79487179,98.76,64.155844156,11.523687978,10.285663411,9.937806599,8.0097343374,68,81,77,81,97,95,91,98,102,100,97,104.5,108,106,109,109,121,122,114,117,103,100,87,96,274.12599068,9788.0640093,10062.19,3,96,99,91.375330225,101.9590001,0.896196806,0.4461479314,3,2.8769681975,0.4109858,3.1143671951,3,0.3743259197
49,31,24,23,22,3112,2353,2297,2148,100.38709677,98.041666667,99.869565217,97.636363636,79.511827957,90.911231884,133.02766798,85.004329004,8.9169405043,9.5347381655,11.533762092,9.2197792275,82,76,80,82,93,91.5,90,91,103,100,99,98.5,108,105,111,103,114,111,125,115,108,90,96,84,138.98722321,9188.0127768,9327,3,96,99,46.329074405,95.708466425,0.4840645361,0.6941402535,3,1.9572705225,0.5813225623,1.3971819992,3,0.7061954191
50,30,23,19,28,3047,2352,1928,2724,101.56666667,102.26086957,101.47368421,97.285714286,133.84022989,65.201581028,44.596491228,155.24867725,11.568933827,8.0747495954,6.6780604391,12.459882714,79,86,92,79,95,97,97,85.5,101,102,101,98,106,109,106,106.5,130,120,116,119,90,97,92,79,412.73742291,10310.252577,10722.99,3,96,99,137.57914097,107.39846434,1.2810159047,0.2853322707,3,10.282242129,0.0163132237,2.8789033671,3,0.4106751768
51,30,29,25,16,2951,2905,2440,1665,98.366666667,100.17241379,97.6,104.0625,131.4816092,74.719211823,113.5,108.4625,11.466543036,8.6440275232,10.653637876,10.414533115,77,85,78,74,89,93,87,99.5,100.5,100,100,105,106,107,105,111,131,119,112,119,101,100,83,100,473.7479023,10256.042098,10729.79,3,96,99,157.91596743,106.83377185,1.4781465139,0.2253618157,3,2.2688120717,0.5185220017,4.9068272436,3,0.178748236
52,21,35,22,22,2083,3500,2207,2244,99.19047619,100,100.31818182,102,77.961904762,119,109.46536797,74.571428571,8.8296038848,10.908712115,10.462569855,8.6354750055,79,74,80,89,95,93,94,95,99,102,98.5,100,105,106,107,110,116,118,122,119,97,104,94,100,92.429177489,9470.0108225,9562.44,3,96,99,30.80972583,98.645946068,0.3123263252,0.8164262466,3,1.9821115263,0.5761278138,0.652764718,3,0.8842537976
53,23,33,21,23,2359,3267,2069,2300,102.56521739,99,98.523809524,100,133.62055336,137.5,104.96190476,65.363636364,11.559435685,11.7260394,10.24509174,8.0847780652,81,75,81,78,96,93,92,96,99,97,97,99,109,109,103,108,129,119,122,112,99,95,103,96,229.85973085,10876.890269,11106.75,3,96,99,76.619910283,113.3009403,0.6762513186,0.568677598,3,3.740083702,0.2909327437,1.8633426125,3,0.6012488153
54,25,19,33,23,2435,1885,3283,2269,97.4,99.210526316,99.484848485,98.652173913,56.333333333,48.50877193,103.94507576,91.328063241,7.5055534995,6.964823898,10.195345789,9.5565717305,84,88,79,80,92,93,91,92,96,100,101,100,103,106,106,104,111,111,118,119,92,106,102,90,67.542289716,7560.6177103,7628.16,3,96,99,22.514096572,78.756434482,0.285869932,0.8354952646,3,4.5440421634,0.2083953089,0.7494493327,3,0.8615158328
55,32,26,30,12,3201,2578,2956,1187,100.03125,99.153846154,98.533333333,98.916666667,83.257056452,147.97538462,73.291954023,201.71969697,9.1245304784,12.164513332,8.5610720137,14.202805954,80,79,84,79,96,91,92,89,100,100.5,97.5,98,106.5,104,103,109.5,117,121,117,123,96,103,97,79,36.423301282,10624.736699,10661.16,3,96,99,12.141100427,110.67434061,0.1097011318,0.9542435959,3,6.7711566493,0.0795607459,0.7463025739,3,0.8622627783
56,19,32,27,22,1857,3126,2628,2194,97.736842105,97.6875,97.333333333,99.727272727,111.76023392,53.77016129,109.76923077,64.96969697,10.571671293,7.332814009,10.477081214,8.0603782151,83,83,84,84,90,92,87,95,96,97,99,100.5,105,104,104,103,120,110,119,117,90,92,85,95,81.82715311,7896.9228469,7978.75,3,96,99,27.275717703,82.259612988,0.3315809145,0.8025218242,3,5.0262954006,0.1698817611,1.5808755113,3,0.6637339014
57,23,28,25,24,2309,2849,2446,2380,100.39130435,101.75,97.84,99.166666667,135.24901186,136.78703704,97.64,95.449275362,11.629660866,11.695599046,9.8812954616,9.7698144999,70,78,78,80,94,93.5,91,91.5,100,101.5,96,101,104,110,106,103.5,130,127,117,121,103,97,91,101,220.0184058,11207.421594,11427.44,3,96,99,73.339468599,116.74397494,0.6282077395,0.5985322255,3,1.3816135558,0.7098502191,1.6093541014,3,0.6572707048
58,26,29,25,20,2582,2939,2593,1990,99.307692308,101.34482759,103.72,99.5,55.261538462,135.23399015,56.876666667,130.89473684,7.4338104941,11.629015012,7.5416620626,11.440923776,86,73,84,72,95,94,99,91.5,99.5,103,105,101,104,110,108,109,113,123,118,114,98,106,99,90,307.70981432,9020.1301857,9327.84,3,96,99,102.56993811,93.959689434,1.0916376877,0.3565155561,3,8.6685711194,0.0340379318,3.5885090913,3,0.3094629149
59,24,23,22,31,2475,2271,2184,3018,103.125,98.739130435,99.272727273,97.35483871,66.722826087,66.656126482,71.541125541,57.63655914,8.1684041334,8.1643203319,8.4581987173,7.5918745472,84,82,81,82,98,92,94,92,104,99,98.5,98,109,104,106,103,115,116,111,112,98,90,106,98,472.43980683,6232.5201932,6704.96,3,96,99,157.47993561,64.922085345,2.4256758663,0.0703034824,3,0.317360881,0.9567309751,7.2028523506,3,0.0657056745
60,24,28,20,28,2399,2878,2016,2830,99.958333333,102.78571429,100.8,101.07142857,94.998188406,124.69312169,81.852631579,85.328042328,9.7467014115,11.166607439,9.0472444191,9.2373179185,85,85,88,80,92,93,94,95,100,103,99.5,98.5,106,109,107,109,121,125,123,123,92,109,100,95,110.9802381,9410.7297619,9521.71,3,96,99,36.993412698,98.02843502,0.3773743067,0.7695166989,3,1.3744227054,0.7115409898,0.8969139795,3,0.8261724724
61,22,22,27,29,2184,2205,2701,2923,99.272727273,100.22727273,100.03703704,100.79310345,103.73160173,100.46969697,114.57549858,173.74137931,10.184871218,10.023457336,10.703994515,13.181099321,78,79,72,71,92,93,91,95,96.5,100,101,103,108,106,107,107,121,117,123,123,92,100,91,103,29.36114362,12131.948856,12161.31,3,96,99,9.7870478734,126.37446725,0.07744482,0.9720499118,3,2.5539235928,0.465624653,0.5633567317,3,0.9047673253
62,25,30,25,20,2488,3020,2511,1875,99.52,100.66666667,100.44,93.75,113.51,78.229885057,111.92333333,111.35526316,10.654107189,8.8447659696,10.579382465,10.552500327,74,82,75,76,94,94,94,85.5,99,101,103,95.5,105,106,108,99.5,126,117,117,118,94,103,107,98,692.82333333,9794.8166667,10487.64,3,96,99,230.94111111,102.02934028,2.2634774515,0.0859955152,3,1.2383715937,0.7438166864,6.6373184779,3,0.0844015012
63,18,28,26,28,1714,2792,2553,2857,95.222222222,99.714285714,98.192307692,102.03571429,194.53594771,102.06349206,105.92153846,115.07275132,13.947614409,10.102647775,10.291819006,10.727196806,75,86,83,81,82,91.5,90,96.5,92.5,99,98,101,109,106,105,108.5,117,126,119,122,81,90,105,97,543.61185592,11817.828144,12361.44,3,96,99,181.20395197,123.1023765,1.4719776915,0.2270436559,3,2.8095817578,0.4219250171,4.1539261744,3,0.2453154215
64,26,25,26,23,2602,2500,2610,2337,100.07692308,100,100.38461538,101.60869565,93.593846154,72.583333333,60.806153846,123.06719368,9.6743912549,8.5195852794,7.7978300729,11.093565418,84,85,84,82,93,96,98,90,101.5,100,101,100,105,104,104,113,126,116,115,124,103,104,101,90,39.51173913,8309.4782609,8348.99,3,96,99,13.17057971,86.557065217,0.1521606547,0.9280682035,3,3.299614132,0.347696354,0.4004870116,3,0.9401418713
65,28,28,17,27,2860,2822,1685,2729,102.14285714,100.78571429,99.117647059,101.07407407,131.38624339,75.656084656,57.735294118,77.225071225,11.462383844,8.6980506239,7.5983744392,8.7877796527,78,83,91,72,95.5,95,92,98,100,99.5,99,102,110,107.5,104,106,127,120,115,117,96,92,91,100,98.080585123,8521.7594149,8619.84,3,96,99,32.693528374,88.768327238,0.3683017287,0.7760393277,3,4.1569493612,0.2450075697,1.5607004927,3,0.6683331753
66,19,24,35,22,1998,2376,3479,2152,105.15789474,99,99.4,97.818181818,144.91812865,100.08695652,91.835294118,91.774891775,12.038194576,10.004346881,9.5830733128,9.5799212823,80,81,80,78,96,92,94,91,108,97,98,99.5,115,107.5,108,104,122,118,119,114,104,92,94,95,646.55095694,9960.1990431,10606.75,3,96,99,215.51698565,103.75207337,2.0772306389,0.108304577,3,1.5086819585,0.6802679934,5.8195789964,3,0.1207257542
67,28,26,19,27,2815,2618,1784,2636,100.53571429,100.69230769,93.894736842,97.62962963,86.183862434,80.141538462,104.32163743,89.088319088,9.2835264008,8.952180654,10.213796426,9.4386608737,85,79,73,77,93.5,98,85,92,100,100,93,98,108.5,103,103,103,119,119,114,120,100,98,90,100,664.32148277,8524.5885172,9188.91,3,96,99,221.44049426,88.797797055,2.4937611247,0.0645942867,3,0.3791206453,0.944521092,6.209870893,3,0.1018342172
68,14,28,37,21,1395,2779,3718,2171,99.642857143,99.25,100.48648649,103.38095238,89.324175824,67.898148148,65.867867868,92.547619048,9.4511467994,8.2400332613,8.1159021598,9.6201673087,85,83,85,86,93,95,94,97,95.5,99.5,101,104,107,104.5,107,110,117,118,113,119,93,100,98,97,226.65009009,7216.6599099,7443.31,3,96,99,75.55003003,75.173540728,1.0050082688,0.3940982208,3,1.0832430493,0.7811207405,2.4178671319,3,0.4903173281
69,27,17,28,28,2724,1722,2874,2724,100.88888889,101.29411765,102.64285714,97.285714286,113.87179487,50.470588235,121.4973545,126.06349206,10.671072808,7.1042654958,11.022583839,11.227799965,72,85,79,68,93,96,93.5,92,103,100,106,98,110,106,110.5,103,116,116,119,125,102,96,110,93,432.30106443,10452.338936,10884.64,3,96,99,144.10035481,108.87853058,1.3234965061,0.2712714796,3,4.1421249862,0.2465205254,4.6528807774,3,0.1990523622
70,19,28,25,28,1929,2895,2450,2768,101.52631579,103.39285714,98,98.857142857,121.04093567,139.9510582,68.333333333,89.164021164,11.001860555,11.830091217,8.2663978451,9.4426702348,73,75,86,82,97,95.5,91,93,103,102.5,96,99,110,111.5,103,106,119,124,117,119,97,111,94,94,485.51601504,10004.843985,10490.36,3,96,99,161.83867168,104.21712484,1.5528990262,0.2058978646,3,3.6233084547,0.3051180367,5.9850365329,3,0.1123405041
71,31,29,18,22,3134,2857,1801,2247,101.09677419,98.517241379,100.05555556,102.13636364,109.09032258,69.75862069,103.46732026,86.885281385,10.44463128,8.3521626355,10.171888726,9.3212274613,78,85,79,73,94,93,95,99,101,98,100.5,103,111,104,104,109,123,115,121,114,94,85,87,112,186.30358973,8809.4864103,8995.79,3,96,99,62.101196578,91.76548344,0.6767380746,0.5683806547,3,1.5677784221,0.6667177106,3.0138342495,3,0.3894971213
72,23,28,23,26,2322,2786,2331,2575,100.95652174,99.5,101.34782609,99.038461538,102.95256917,96.259259259,58.146245059,160.19846154,10.146554547,9.8111803194,7.6253685196,12.656953091,77,79,86,79,95,91,96,89,100,99.5,103,97,107,106,106,111,123,117,115,121,100,105,103,92,91.904548495,10148.135452,10240.04,3,96,99,30.634849498,105.70974429,0.2898015666,0.8326664664,3,5.7663802771,0.123546349,0.9165424413,3,0.8214340131
73,29,16,35,20,2953,1583,3472,1963,101.82758621,98.9375,99.2,98.15,95.933497537,40.4625,103.22352941,73.186842105,9.7945646936,6.3610140701,10.1598981,8.554930865,84,85,77,83,95,96,90,93,103,98,101,95,106,104.5,107,106,123,109,116,113,98,96,109,95,197.36456897,8193.225431,8390.59,3,96,99,65.788189655,85.34609824,0.7708400385,0.5131086747,3,4.2918648856,0.2316238984,1.7156930772,3,0.6334505198
74,29,20,28,23,2969,1981,2730,2242,102.37931034,99.05,97.5,97.47826087,109.60098522,59.734210526,119,75.806324111,10.469048917,7.7287910132,10.908712115,8.7066827271,85,88,81,83,95,92,89.5,91,102,99,97.5,97,110,103.5,105.5,101,123,114,117,123,86,97,81,101,442.64328336,9084.5167166,9527.16,3,96,99,147.54776112,94.630382465,1.5592007268,0.2043321967,3,3.2635502038,0.3527480822,4.128240862,3,0.247945256
75,21,19,28,32,2104,1925,2839,3208,100.19047619,101.31578947,101.39285714,100.25,88.761904762,142.33918129,82.321428571,78.322580645,9.4213536587,11.93059853,9.0731157036,8.8500045562,85,82,79,74,94,91,98,94.5,100,99,102,99.5,104,110,106.5,108,123,121,123,117,100,91,101,108,32.218070175,8988.0219298,9020.24,3,96,99,10.739356725,93.625228436,0.1147058,0.9512986357,3,2.4873976569,0.4775729148,0.8154320279,3,0.8457724466
76,25,28,23,24,2525,2793,2299,2430,101,99.75,99.956521739,101.25,145.91666667,60.861111111,46.225296443,104.54347826,12.079597124,7.801353159,6.7989187701,10.22465052,79,83,89,88,92,95.5,92,92.5,102,100,102,97,110,105,105,112,126,116,111,120,85,98,91,112,42.203478261,8566.7065217,8608.91,3,96,99,14.067826087,89.236526268,0.1576465005,0.9245166938,3,9.199799002,0.026749081,0.2376646972,3,0.9712914095
77,28,23,21,28,2781,2312,2078,2827,99.321428571,100.52173913,98.952380952,100.96428571,127.41137566,179.80632411,122.44761905,86.850529101,11.287664757,13.409188048,11.065605227,9.3193631274,80,64,80,82,90.5,92,92,94.5,98.5,99,100,101.5,109.5,110,107,107.5,120,126,117,116,92,99,100,95,68.197060041,12189.76294,12257.96,3,96,99,22.732353347,126.97669729,0.1790277573,0.910385996,3,3.1796380233,0.3647491314,0.6839152415,3,0.8769805667
78,19,25,24,32,1837,2471,2365,3274,96.684210526,98.84,98.541666667,102.3125,61.339181287,97.556666667,87.998188406,126.54435484,7.8319334322,9.8770778405,9.3807349609,11.249193519,86,80,83,76,89,93,92,94,94,98,97.5,104,103,107,104,109,109,116,118,125,92,82,83,105,436.61140351,9392.2985965,9828.91,3,96,99,145.5371345,97.836443713,1.4875554444,0.2228192865,3,2.8818854483,0.4101968929,4.3430648041,3,0.2267230204
79,27,28,24,21,2631,2876,2336,2117,97.444444444,102.71428571,97.333333333,100.80952381,119.56410256,101.32275132,101.36231884,114.66190476,10.934537144,10.065920292,10.06788552,10.70802992,72,83,74,74,92,96.5,92.5,95,96,101,97,103,106,111.5,104,105,118,118,114,119,100,101,95,105,551.04761905,10468.952381,11020,3,96,99,183.68253968,109.0515873,1.6843637422,0.1754936129,3,0.2656851886,0.9663474548,5.0044204682,3,0.1714737419
80,21,33,23,23,2177,3273,2247,2405,103.66666667,99.181818182,97.695652174,104.56521739,85.833333333,80.590909091,90.948616601,68.984189723,9.2646280731,8.9772439585,9.536698412,8.3056721416,92,82,79,84,97,95,90,100,100,100,99,105,108,103,105,108,126,119,113,127,99,97,100,105,801.86250329,7814.0974967,8615.96,3,96,99,267.2875011,81.396848924,3.2837573522,0.0241298981,3,0.4479783351,0.9301623251,9.4949867167,3,0.0233847532
81,25,33,20,22,2487,3372,1997,2202,99.48,102.18181818,99.85,100.09090909,63.76,199.09090909,120.23947368,137.8961039,7.9849859111,14.109957799,10.965376131,11.74291718,82,74,80,77,95,96,91.5,91,99,100,98.5,101.5,104,111,107,109,116,131,121,121,95,99,88,103,130.84272727,13081.517273,13212.36,3,96,99,43.614242424,136.26580492,0.3200674039,0.8108369368,3,8.0761412236,0.0444640289,1.046880326,3,0.7899103203
82,26,31,16,27,2536,3084,1567,2685,97.538461538,99.483870968,97.9375,99.444444444,121.53846154,111.39139785,87.129166667,84.41025641,11.024448355,10.554212327,9.3343005451,9.1875054509,66,81,84,87,92,90,90.5,93,98.5,100,99,97,106,107,102.5,104,113,120,122,123,84,107,93,93,78.352359388,9881.8076406,9960.16,3,96,99,26.117453129,102.93549626,0.2537264023,0.8585074793,3,1.1169295446,0.7729888761,0.4538754657,3,0.9289014124
83,31,27,23,19,3096,2627,2315,1852,99.870967742,97.296296296,100.65217391,97.473684211,134.91612903,117.52421652,119.41897233,51.81871345,11.615340246,10.840858662,10.927898807,7.1985216156,71,78,76,85,90,88,91,91,101,97,104,98,108,105,110,104,120,122,118,108,106,88,90,104,207.93226599,10663.067734,10871,3,96,99,69.310755331,111.07362223,0.624007338,0.6011930727,3,4.743055482,0.1916081547,2.7722372813,3,0.4280905696
84,22,19,28,31,2195,1885,2822,3135,99.772727273,99.210526316,100.78571429,101.12903226,92.279220779,87.619883041,98.544973545,97.249462366,9.6062074087,9.3605492916,9.9269820965,9.8615142025,79,84,79,75,92,93,94.5,94,101,97,100,100,108,104,107.5,108,114,119,117,122,101,93,99,108,56.090312217,9093.2196878,9149.31,3,96,99,18.696770739,94.721038414,0.1973877298,0.8979406609,3,0.090648618,0.9929355109,0.8486168088,3,0.8378066162
85,23,33,21,23,2260,3298,2049,2376,98.260869565,99.939393939,97.571428571,103.30434783,129.4743083,165.43371212,133.05714286,154.31225296,11.378677792,12.862103721,11.535039786,12.422248306,83,63,78,73,91,93,90,92,96,102,95,107,106,110,106,113,128,121,121,118,92,94,95,113,441.78400715,14198.325993,14640.11,3,96,99,147.26133572,147.89922909,0.995686973,0.3983421836,3,0.5137912659,0.9158512505,4.551687664,3,0.207725943
86,18,32,26,24,1810,3307,2640,2383,100.55555556,103.34375,101.53846154,99.291666667,131.08496732,91.007056452,81.298461538,58.824275362,11.449234355,9.5397618656,9.0165659504,7.6696985183,76,82,81,82,93,98,97,95.5,100.5,104.5,100,97.5,108,110,108,105,122,120,119,113,100,103,99,97,240.91693376,8435.0830662,8676,3,96,99,80.305644587,87.865448607,0.913961584,0.437270754,3,3.2223104344,0.3586027728,3.8423155928,3,0.2790023359
87,22,27,23,28,2217,2750,2409,2757,100.77272727,101.85185185,104.73913043,98.464285714,100.08874459,59.438746439,106.01976285,146.99867725,10.004436245,7.7096528092,10.296589865,12.124301104,69,87,87,76,94,97,93,90.5,101.5,102,107,97.5,108,109,114,106,115,116,119,126,93,98,93,91,511.43988791,9948.6701121,10460.11,3,96,99,170.47996264,103.63198033,1.6450516731,0.1841027534,3,5.1536448531,0.1608860914,4.9180281241,3,0.1778988786
88,29,23,25,23,2892,2300,2477,2376,99.724137931,100,99.08,103.30434783,99.13546798,104.18181818,87.493333333,98.494071146,9.956679566,10.206949504,9.3537871118,9.9244179248,78,71,76,89,95,94,93,96,101,100,97,103,105,106,106,111,118,116,116,124,101,98,97,100,254.24733133,9334.5026687,9588.75,3,96,99,84.749110445,97.234402799,0.8715959373,0.4586899601,3,0.1865934973,0.9797239868,1.9110619501,3,0.5910697144
89,21,29,24,26,2077,2988,2401,2565,98.904761905,103.03448276,100.04166667,98.653846154,151.59047619,151.96305419,102.73731884,69.435384615,12.312208421,12.327329564,10.135941932,8.3327897259,70,77,77,80,91,95,92,94,102,101,100,98.5,105,109,107.5,106,127,125,124,112,102,99,100,108,329.77201023,11385.61799,11715.39,3,96,99,109.92400341,118.60018739,0.9268451073,0.430926428,3,4.7534640607,0.1907657952,1.7307283026,3,0.6301239378
90,27,20,21,32,2771,2007,2158,3302,102.62962963,100.35,102.76190476,103.1875,76.780626781,90.239473684,72.59047619,107.125,8.7624555223,9.4994459672,8.5200044713,10.350120772,92,86,83,84,96,91.5,97,96.5,100,100,104,105,107,108.5,109,110,131,116,114,122,99,90,108,109,108.02917989,8483.5308201,8591.56,3,96,99,36.009726631,88.370112709,0.4074876169,0.7479631512,3,1.2032674209,0.7522207563,1.6099460292,3,0.6571367329
91,29,16,27,28,2883,1673,2647,2886,99.413793103,104.5625,98.037037037,103.07142857,99.608374384,111.0625,126.96011396,86.957671958,9.9803995103,10.538619454,11.267657874,9.3251097558,83,77,76,87,92,101,86,97,100,105.5,99,102.5,104,110.5,106,108.5,124,123,123,133,88,101,103,102,631.99791142,10103.792089,10735.79,3,96,99,210.66597047,105.24783426,2.0016181042,0.1189033833,3,0.9946422666,0.8025483684,6.6935381134,3,0.0823344918
92,23,21,31,25,2374,2072,3055,2555,103.2173913,98.666666667,98.548387097,102.2,111.99604743,118.93333333,95.589247312,80,10.582818501,10.905656025,9.7769753662,8.94427191,84,76,79,77,95,93,92,97,101,97,99,101,113,106,105,110,123,117,121,119,99,94,88,99,430.3828705,9630.2571295,10060.64,3,96,99,143.46095683,100.31517843,1.4301021947,0.2387775848,3,1.0321689477,0.7934686739,3.8896602262,3,0.2736279768
93,28,20,23,29,2770,2037,2313,2905,98.928571429,101.85,100.56521739,100.17241379,68.365079365,123.39736842,139.07509881,88.147783251,8.2683178075,11.108436813,11.793010592,9.3887050892,76,84,84,82,95,93,91,95,99,103,100,100,102,110.5,111,108,115,121,124,120,101,94,111,100,102.5527522,9718.1972478,9820.75,3,96,99,34.184250732,101.23122133,0.3376848593,0.7981140982,3,3.6590847106,0.3007078863,0.3977907475,3,0.9406984957
94,31,19,29,21,3052,1936,3044,2021,98.451612903,101.89473684,104.96551724,96.238095238,42.322580645,120.0994152,100.24876847,89.09047619,6.5055807308,10.958987873,10.012430698,9.4387751425,82,88,84,81,95,92,98,90,98,100,105,97,102,114,110,103,115,126,124,112,98,96,105,81,1126.6680659,8020.2419341,9146.91,3,96,99,375.55602197,83.544186813,4.4952980727,0.0053730753,3,7.3453017819,0.0616694177,10.220096616,3,0.0167849687
95,31,23,25,21,3181,2294,2449,2055,102.61290323,99.739130435,97.96,97.857142857,144.04516129,130.38339921,104.12333333,106.02857143,12.001881573,11.41855504,10.20408415,10.297017599,75,79,74,80,95,88,91,93,104,99,97,96,110,109,102,102,124,129,119,122,85,87,87,96,409.26895011,11809.32105,12218.59,3,96,99,136.42298337,123.01376094,1.1090058733,0.3493753795,3,0.9413489787,0.8154395962,3.7812634387,3,0.2860730421
96,18,24,22,36,1826,2377,2147,3613,101.44444444,99.041666667,97.590909091,100.36111111,119.32026144,103.25905797,90.824675325,113.1515873,10.92338141,10.16164642,9.5301980737,10.63727349,78,80,80,74,100,92,90,94,102,98.5,97.5,99,106,107.5,104,106.5,124,117,114,127,102,108,101,99,178.28348485,10271.026515,10449.31,3,96,99,59.427828283,106.98985953,0.555452905,0.6457248066,3,0.4339882853,0.9331351848,2.1649986177,3,0.5388754147
97,31,25,27,17,3159,2487,2615,1778,101.90322581,99.48,96.851851852,104.58823529,88.156989247,80.676666667,62.592592593,68.507352941,9.3891953461,8.9820190752,7.9115480529,8.2769168741,83,79,82,94,96,93,90,97,100,100,97,103,109,107,103,113,127,112,110,118,98,112,89,95,729.31526811,7304.4747319,8033.79,3,96,99,243.10508937,76.088278457,3.1950399497,0.0269511234,3,0.9167439778,0.8213853369,8.3184038076,3,0.0398697988
98,31,20,22,27,3096,2019,2187,2716,99.870967742,100.95,99.409090909,100.59259259,117.84946237,100.57631579,56.634199134,124.0968661,10.855849224,10.028774391,7.5255696883,11.139877293,74,81,84,82,92,95,94,91,101,101.5,100,101,105,109,105,108,122,115,115,123,101,97,101,91,32.489428696,9862.2705713,9894.76,3,96,99,10.829809565,102.73198512,0.1054180891,0.9567289603,3,3.8092887069,0.2828075455,0.3855616616,3,0.9432087
99,27,24,23,26,2639,2418,2330,2575,97.740740741,100.75,101.30434783,99.038461538,147.43019943,100.80434783,119.22134387,66.278461538,12.142083817,10.040136843,10.918852681,8.1411584887,76,81,77,81,88,93.5,96,94,98,99,101,98,107,105.5,107,105,121,119,127,113,86,99,101,94,200.04371114,10431.516289,10631.56,3,96,99,66.681237045,108.66162801,0.6136594699,0.6077823031,3,4.041796473,0.256986092,1.1219018791,3,0.7717896864
